GEO_ID,,,B19083_001E,B19083_001M
id,County,State,Estimate!!Gini Index,Margin of Error!!Gini Index
01007,Bibb,Alabama,0.441,0.0475
01009,Blount,Alabama,0.4037,0.0145
01011,Bullock,Alabama,0.4648,0.0414
01013,Butler,Alabama,0.4506,0.0184
01015,Calhoun,Alabama,0.4464,0.0111
01017,Chambers,Alabama,0.4831,0.0356
01019,Cherokee,Alabama,0.4573,0.0243
01021,Chilton,Alabama,0.4462,0.0331
01023,Choctaw,Alabama,0.4849,0.019
01025,Clarke,Alabama,0.531,0.0279
01027,Clay,Alabama,0.4217,0.0193
01029,Cleburne,Alabama,0.4381,0.023
01031,Coffee,Alabama,0.4476,0.0155
01033,Colbert,Alabama,0.4432,0.0154
01035,Conecuh,Alabama,0.5014,0.032
01037,Coosa,Alabama,0.4207,0.0241
01039,Covington,Alabama,0.4613,0.0126
01041,Crenshaw,Alabama,0.4756,0.019
01043,Cullman,Alabama,0.4517,0.0138
01045,Dale,Alabama,0.4426,0.0169
01047,Dallas,Alabama,0.5255,0.0201
01049,DeKalb,Alabama,0.443,0.0175
01051,Elmore,Alabama,0.4204,0.0163
01053,Escambia,Alabama,0.4645,0.0198
01055,Etowah,Alabama,0.4363,0.0109
01057,Fayette,Alabama,0.459,0.0225
01059,Franklin,Alabama,0.439,0.0179
01061,Geneva,Alabama,0.4567,0.028
01063,Greene,Alabama,0.5138,0.0396
01065,Hale,Alabama,0.4868,0.0235
01067,Henry,Alabama,0.4536,0.0237
01069,Houston,Alabama,0.4815,0.0078
01071,Jackson,Alabama,0.4421,0.0136
01073,Jefferson,Alabama,0.4994,0.0056
01075,Lamar,Alabama,0.4808,0.0574
01077,Lauderdale,Alabama,0.4589,0.0128
01079,Lawrence,Alabama,0.4357,0.0185
01081,Lee,Alabama,0.4976,0.0124
01083,Limestone,Alabama,0.4604,0.0146
01085,Lowndes,Alabama,0.5464,0.0542
01087,Macon,Alabama,0.4664,0.0178
01089,Madison,Alabama,0.4676,0.0074
01091,Marengo,Alabama,0.5357,0.0398
01093,Marion,Alabama,0.4755,0.0219
01095,Marshall,Alabama,0.4744,0.0131
01097,Mobile,Alabama,0.4693,0.0072
01099,Monroe,Alabama,0.5194,0.0253
01101,Montgomery,Alabama,0.4819,0.0092
01103,Morgan,Alabama,0.4542,0.0137
01105,Perry,Alabama,0.515,0.031
01107,Pickens,Alabama,0.478,0.0222
01109,Pike,Alabama,0.4992,0.0204
01111,Randolph,Alabama,0.4515,0.0296
01113,Russell,Alabama,0.443,0.0177
01115,St,Alabama,0.426,0.0183
01117,Shelby,Alabama,0.4265,0.0118
01119,Sumter,Alabama,0.5068,0.0206
01121,Talladega,Alabama,0.4615,0.0161
01123,Tallapoosa,Alabama,0.4523,0.0172
01125,Tuscaloosa,Alabama,0.4671,0.0092
01127,Walker,Alabama,0.4594,0.0152
01129,Washington,Alabama,0.4245,0.0224
01131,Wilcox,Alabama,0.536,0.026
01133,Winston,Alabama,0.4552,0.0308
02013,Aleutians East,,0.3743,0.0177
02016,Aleutians West,,0.3711,0.0145
02020,Anchorage,,0.4225,0.0095
02050,Bethel,,0.4205,0.0141
02060,Bristol Bay,,0.3571,0.0465
02068,Denali,,0.3633,0.0416
02070,Dillingham,,0.4377,0.0187
02090,Fairbanks North Star,,0.4026,0.0145
02100,Haines,,0.4124,0.0426
02105,Hoonah-Angoon,,0.4063,0.0293
02110,Juneau City,,0.3878,0.0352
02122,Kenai Peninsula,,0.4226,0.0132
02130,Ketchikan Gateway,,0.411,0.0187
02150,Kodiak Island,,0.3988,0.0301
02158,Kusilvak,,0.4082,0.0142
02164,Lake and Peninsula,,0.4403,0.0294
02170,Matanuska-Sisitna,,0.3997,0.0075
02180,Nome,,0.4361,0.0137
02185,North Slope,,0.4047,0.027
02188,Northwest Arctic,,0.4067,0.015
02195,Petersburg,,0.4318,0.0258
02198,Prince of Wales-Hyder ,,0.427,0.0176
02220,Sitka City,,0.3876,0.0198
02230,Skagway ,,0.3282,0.0324
02240,Southeast Fairbanks,,0.3958,0.0223
02261,Valdez-Cordova,,0.4138,0.0318
02275,Wrangell City,,0.4135,0.0271
02282,Yakutat City,,0.3405,0.0266
02290,Yukon-Koyukuk,,0.4531,0.0104
04001,Apache,,0.4793,0.012
04003,Cochise,,0.4532,0.0101
04005,Coconino,,0.478,0.0159
04007,Gila,,0.4284,0.0166
04009,Graham,,0.4271,0.0168
04011,Greenlee,,0.3955,0.0244
04012,La Paz,,0.4147,0.0214
04013,Maricopa,,0.4645,0.0021
04015,Mohave,,0.4382,0.0106
04017,Navajo,,0.4766,0.0157
04019,Pima,,0.4726,0.0047
04021,Pinal,,0.4148,0.0087
04023,Santa,,0.4613,0.0215
04025,Yavapai,,0.4352,0.0082
04027,Yuma,,0.4398,0.0098
05001,Arkansas,,0.4816,0.0294
05003,Ashley,,0.4754,0.0322
05005,Baxter,,0.4574,0.0333
05007,Benton,,0.4442,0.0075
05009,Boone,,0.4482,0.0212
05011,Bradley,,0.4928,0.0375
05013,Calhoun,,0.4338,0.0283
05015,Carroll,,0.424,0.0232
05017,Chicot,,0.5403,0.0542
05019,Clark,,0.4856,0.0239
05021,Clay,,0.4427,0.0223
05023,Cleburne,,0.4717,0.0275
05025,Cleveland,,0.4387,0.0289
05027,Columbia,,0.4656,0.021
05029,Conway,,0.4685,0.0207
05031,Craighead,,0.4733,0.0181
05033,Crawford,,0.4437,0.0231
05035,Crittenden,,0.4533,0.0137
05037,Cross,,0.4568,0.0234
05039,Dallas,,0.4169,0.027
05041,Desha,,0.4983,0.0323
05043,Drew,,0.4786,0.0285
05045,Faulkner,,0.442,0.0129
05047,Franklin,,0.4261,0.0236
05049,Fulton,,0.4016,0.0189
05051,Garland,,0.4873,0.0173
05053,Grant,,0.4403,0.0417
05055,Greene,,0.4288,0.0161
05057,Hempstead,,0.4608,0.0326
05059,Hot Spring,,0.4357,0.0313
05061,Howard,,0.4984,0.0421
05063,Independence,,0.4581,0.0248
05065,Izard,,0.4311,0.0233
05067,Jackson,,0.4984,0.0384
05069,Jefferson,,0.4797,0.016
05071,Johnson,,0.4784,0.0392
05073,Lafayette,,0.5191,0.0483
05075,Lawrence,,0.4304,0.0138
05077,Lee,,0.4897,0.0282
05079,Lincoln,,0.4899,0.0328
05081,Little River,,0.4301,0.0241
05083,Logan,,0.4639,0.0194
05085,Lonoke,,0.3862,0.0095
05087,Madison,,0.4452,0.0343
05089,Marion,,0.4089,0.0233
05091,Miller,,0.4418,0.0179
05093,Mississippi,,0.4732,0.0162
05095,Monroe,,0.486,0.0285
05097,Montgomery,,0.4341,0.0248
05099,Nevada,,0.4523,0.0334
05101,Newton,,0.4359,0.0292
05103,Ouachita,,0.4693,0.0178
05105,Perry,,0.444,0.0469
05107,Phillips,,0.4979,0.0229
05109,Pike,,0.4456,0.0243
05111,Poinsett,,0.4258,0.0172
05113,Polk,,0.4523,0.0462
05115,Pope,,0.4392,0.0144
05117,Prairie,,0.4204,0.0172
05119,Pulaski,,0.4907,0.0068
05121,Randolph,,0.4477,0.0345
05123,St. Francis,,0.4579,0.0238
05125,Saline,,0.3816,0.0111
05127,Scott,,0.4272,0.031
05129,Searcy,,0.462,0.0369
05131,Sebastian,,0.4982,0.0129
05133,Sevier,,0.4088,0.0193
05135,Sharp,,0.4047,0.0176
05137,Stone,,0.4879,0.0318
05139,Union,,0.4659,0.0178
05141,Van Buren,,0.4421,0.0153
05143,Washington,,0.4955,0.0141
05145,White,,0.4742,0.0248
05147,Woodruff,,0.4932,0.0346
05149,Yell,,0.4271,0.0205
06001,Alameda,,0.4702,0.0031
01001,Autauga,,0.4227,0.0175
01003,Baldwin,,0.4564,0.0108
01005,Barbour,,0.4642,0.015
17059,Gallatin,,0.4128,0.0173
17061,Greene,,0.4272,0.0205
17063,Grundy,,0.4053,0.0114
17065,Hamilton,,0.4367,0.0213
17067,Hancock,,0.4033,0.0147
17069,Hardin,,0.4692,0.0476
17071,Henderson,,0.4091,0.0423
17073,Henry,,0.4175,0.0137
17075,Iroquois,,0.4339,0.0141
17077,Jackson,,0.5332,0.0182
17079,Jasper,,0.3871,0.0245
17081,Jefferson,,0.4483,0.014
17083,Jersey,,0.3981,0.0212
17085,Jo Daviess,,0.4322,0.0249
17087,Johnson,,0.4453,0.0216
17089,Kane,,0.4382,0.007
17091,Kankakee,,0.4201,0.008
17093,Kendall,,0.3562,0.0158
17095,Knox,,0.4383,0.0111
17097,Lake,,0.4821,0.004
17099,LaSalle,,0.4258,0.0102
17101,Lawrence,,0.4085,0.0228
17103,Lee,,0.4157,0.0147
17105,Livingston,,0.4221,0.0165
17107,Logan,,0.437,0.0214
17109,McDonough,,0.4806,0.016
17111,McHenry,,0.4003,0.0066
17113,McLean,,0.4567,0.0099
17115,Macon,,0.4702,0.0128
17117,Macoupin,,0.4119,0.0115
17119,Madison,,0.4419,0.0086
17121,Marion,,0.4324,0.0129
17123,Marshall,,0.4024,0.021
17125,Mason,,0.425,0.0172
17127,Massac,,0.4476,0.0337
17129,Menard,,0.4215,0.0201
17131,Mercer,,0.391,0.0188
17133,Monroe,,0.3911,0.0168
17135,Montgomery,,0.4321,0.016
17137,Morgan,,0.4309,0.0127
17139,Moultrie,,0.4079,0.024
17141,Ogle,,0.4132,0.0112
17143,Peoria,,0.4636,0.0082
17145,Perry,,0.4667,0.0369
17147,Piatt,,0.3971,0.0198
17149,Pike,,0.4114,0.0161
17151,Pope,,0.4316,0.0252
17153,Pulaski,,0.4675,0.0379
17155,Putnam,,0.4104,0.0236
17157,Randolph,,0.4153,0.0193
17159,Richland,,0.4268,0.0174
17161,Rock Island,,0.438,0.007
17163,St. Clair,,0.4701,0.0103
17165,Saline,,0.4572,0.0199
17167,Sangamon,,0.4532,0.0081
17169,Schuyler,,0.4122,0.034
17171,Scott,,0.4401,0.0349
17173,Shelby,,0.3951,0.0155
17175,Stark,,0.4369,0.0298
17177,Stephenson,,0.4284,0.0155
17179,Tazewell,,0.4152,0.0099
17181,Union,,0.4472,0.0241
06003,Alpine,,0.4583,0.0495
06005,Amador,,0.4512,0.0298
06007,Butte,,0.4743,0.0098
06009,Calaveras,,0.4565,0.0203
06011,Colusa,,0.4134,0.039
06013,Contra Costa,,0.4684,0.0038
06015,Del Norte,,0.4749,0.0297
06017,El Dorado,,0.4574,0.0083
06019,Fresno,,0.474,0.0052
06021,Glenn,,0.5024,0.0417
06023,Humboldt,,0.4575,0.0099
06025,Imperial,,0.464,0.0082
06027,Inyo,,0.4248,0.0153
06029,Kern,,0.4589,0.0045
06031,Kings,,0.4504,0.0126
06033,Lake,,0.4611,0.0135
06035,Lassen,,0.4216,0.0175
06037,Los Angeles,,0.5013,0.0014
06039,Madera,,0.4509,0.0135
06041,Marin,,0.5263,0.0079
06043,Mariposa,,0.4552,0.0354
06045,Mendocino,,0.4762,0.0185
06047,Merced,,0.455,0.0085
06049,Modoc,,0.4518,0.0379
06051,Mono,,0.3645,0.0292
06053,Monterey,,0.4614,0.0089
06055,Napa,,0.4745,0.0115
06057,Nevada,,0.4461,0.0125
06059,Orange,,0.467,0.0024
06061,Placer,,0.439,0.0076
06063,Plumas,,0.4979,0.0392
06065,Riverside,,0.4454,0.0031
06067,Sacramento,,0.4557,0.0036
06069,San Benito,,0.4061,0.0119
06071,San Bernardino,,0.4429,0.0035
06073,San Diego,,0.4651,0.0024
06075,San Francisco,,0.5202,0.005
06077,San Joaquin,,0.4492,0.0053
06079,San Luis Obispo,,0.4567,0.008
06081,San Mateo,,0.4883,0.0048
06083,Santa Barbara,,0.4807,0.0065
06085,Santa Clara,,0.4662,0.0034
06087,Santa Cruz,,0.4709,0.0075
06089,Shasta,,0.4506,0.0076
06091,Sierra,,0.4697,0.0503
06093,Siskiyou,,0.4583,0.0158
06095,Solano,,0.4236,0.006
06097,Sonoma,,0.4565,0.0072
06099,Stanislaus,,0.4483,0.0081
06101,Sutter,,0.4542,0.0132
06103,Tehama,,0.4367,0.0112
06105,Trinity,,0.472,0.0279
06107,Tulare,,0.4632,0.0075
06109,Tuolumne,,0.4402,0.0144
06111,Ventura,,0.4433,0.0057
06113,Yolo,,0.4834,0.0081
06115,Yuba,,0.4233,0.0169
08001,Adams,,0.404,0.0051
08003,Alamosa,,0.5118,0.0345
08005,Arapahoe,,0.4649,0.0063
08007,Archuleta,,0.4521,0.0272
08009,Baca,,0.4335,0.0255
08011,Bent,,0.4515,0.037
08013,Boulder,,0.4754,0.0078
08014,Broomfield,,0.4246,0.0153
08015,Chaffee,,0.4132,0.0308
08017,Cheyenne,,0.3938,0.0314
08019,Clear Creek,,0.4744,0.0509
08021,Conejos,,0.4495,0.0433
08023,Costilla,,0.5138,0.048
08025,Crowley,,0.4501,0.0438
08027,Custer,,0.447,0.0383
08029,Delta,,0.4732,0.0327
08031,Denver,,0.502,0.0054
08033,Dolores,,0.478,0.0372
08035,Douglas,,0.3996,0.009
08037,Eagle,,0.4505,0.0234
08039,Elbert,,0.4095,0.0207
08041,El Paso,,0.4409,0.0075
08043,Fremont,,0.4324,0.0139
08045,Garfield,,0.4185,0.0159
08047,Gilpin,,0.4218,0.0564
08049,Grand,,0.401,0.0469
08051,Gunnison,,0.4159,0.0211
08053,Hinsdale,,0.4219,0.06
08055,Huerfano,,0.4857,0.0399
08057,Jackson,,0.3958,0.0387
08059,Jefferson,,0.4337,0.0048
08061,Kiowa,,0.4476,0.0354
08063,Kit Carson,,0.4658,0.0596
08065,Lake,,0.3792,0.0295
08067,La Plata,,0.4264,0.0155
08069,Larimer,,0.4513,0.0065
08071,Las Animas,,0.4299,0.021
08073,Lincoln,,0.4559,0.0333
08075,Logan,,0.4572,0.0255
08077,Mesa,,0.4526,0.0126
08079,Mineral,,0.4082,0.0478
08081,Moffat,,0.4129,0.0267
08083,Montezuma,,0.4255,0.0197
08085,Montrose,,0.4206,0.017
08087,Morgan,,0.4031,0.0165
08089,Otero,,0.4692,0.0283
08091,Ouray,,0.41,0.0312
08093,Park,,0.3905,0.0213
08095,Phillips,,0.4786,0.0574
08097,Pitkin,,0.5527,0.052
08099,Prowers,,0.4326,0.0201
08101,Pueblo,,0.4471,0.008
08103,Rio Blanco,,0.4041,0.0237
08105,Rio Grande,,0.4484,0.0275
08107,Routt,,0.4634,0.0243
08109,Saguache,,0.4978,0.0526
08111,San Juan,,0.3881,0.0524
08113,San Miguel,,0.5306,0.0401
08115,Sedgwick,,0.4213,0.0286
08117,Summit,,0.4366,0.0292
08119,Teller,,0.4102,0.0225
08121,Washington,,0.4281,0.0271
08123,Weld,,0.4208,0.0076
08125,Yuma,,0.4328,0.0332
09001,Fairfield,,0.5427,0.004
09003,Hartford,,0.4721,0.0042
09005,Litchfield,,0.4485,0.0113
09007,Middlesex,,0.4338,0.0111
09009,New Haven,,0.4661,0.0035
09011,New London,,0.4336,0.0072
09013,Tolland,,0.4131,0.0105
09015,Windham,,0.4086,0.0098
10001,Kent,,0.4151,0.0091
10003,New Castle,,0.4526,0.0054
10005,Sussex,,0.4336,0.0086
11001,"District of Columbia, District",,0.5317,0.0042
12001,Alachua,,0.5177,0.0089
12003,Baker,,0.438,0.0282
12005,Bay,,0.4404,0.0096
12007,Bradford,,0.4622,0.0294
12009,Brevard,,0.4493,0.0066
12011,Broward,,0.4788,0.0043
12013,Calhoun,,0.4476,0.0379
12015,Charlotte,,0.4421,0.0122
12017,Citrus,,0.4601,0.0162
12019,Clay,,0.4122,0.0118
12021,Collier,,0.5338,0.0108
12023,Columbia,,0.4426,0.0186
12027,DeSoto,,0.4471,0.0293
12029,Dixie,,0.4333,0.0264
12031,Duval,,0.4747,0.0049
12033,Escambia,,0.4413,0.009
12035,Flagler,,0.4242,0.0139
12037,Franklin,,0.4641,0.0343
12039,Gadsden,,0.4516,0.0154
12041,Gilchrist,,0.4709,0.0521
12043,Glades,,0.4526,0.0323
12045,Gulf,,0.4232,0.0272
12047,Hamilton,,0.4644,0.0378
12049,Hardee,,0.4765,0.0344
12051,Hendry,,0.4782,0.0359
12053,Hernando,,0.4211,0.0127
12055,Highlands,,0.4561,0.0196
12057,Hillsborough,,0.4792,0.004
12059,Holmes,,0.4505,0.026
12061,Indian River,,0.5303,0.0165
12063,Jackson,,0.4565,0.0171
12065,Jefferson,,0.4458,0.0279
12067,Lafayette,,0.5112,0.0753
12069,Lake,,0.431,0.0102
12071,Lee,,0.4755,0.0059
12073,Leon,,0.4874,0.0072
12075,Levy,,0.4595,0.0297
12077,Liberty,,0.4379,0.0364
12079,Madison,,0.466,0.0222
12081,Manatee,,0.4622,0.0072
12083,Marion,,0.433,0.0075
12085,Martin,,0.5128,0.0101
12086,Miami-Dade,,0.5261,0.004
12087,Monroe,,0.5093,0.0179
12089,Nassau,,0.4504,0.025
12091,Okaloosa,,0.4318,0.0099
12093,Okeechobee,,0.4601,0.0341
12095,Orange,,0.4798,0.0058
12097,Osceola,,0.4299,0.0104
12099,Palm Beach,,0.5152,0.0046
12101,Pasco,,0.4465,0.007
12103,Pinellas,,0.486,0.0047
12105,Polk,,0.433,0.0049
12107,Putnam,,0.4698,0.0148
12109,St. Johns,,0.4863,0.0112
12111,St. Lucie,,0.4613,0.0114
12113,Santa Rosa,,0.4301,0.0148
12115,Sarasota,,0.482,0.0072
12117,Seminole,,0.4593,0.0095
12119,Sumter,,0.4255,0.0208
12121,Suwannee,,0.4416,0.0266
12123,Taylor,,0.4096,0.0275
12125,Union,,0.4012,0.0215
12127,Volusia,,0.4642,0.0074
12129,Wakulla,,0.3982,0.031
12131,Walton,,0.4942,0.0246
12133,Washington,,0.4434,0.0225
13001,Appling,,0.458,0.035
13003,Atkinson,,0.4753,0.0431
13005,Bacon,,0.4306,0.025
13007,Baker,,0.4713,0.0488
13009,Baldwin,,0.5169,0.0287
13011,Banks,,0.4049,0.0181
13013,Barrow,,0.3943,0.0177
13015,Bartow,,0.4264,0.0159
13017,Ben Hill,,0.4726,0.0237
13019,Berrien,,0.452,0.02
13021,Bibb,,0.5201,0.0122
13023,Bleckley,,0.4909,0.0505
13025,Brantley,,0.4146,0.0276
13027,Brooks,,0.4798,0.0326
13029,Bryan,,0.4074,0.0226
13031,Bulloch,,0.5002,0.0163
13033,Burke,,0.4686,0.017
13035,Butts,,0.4381,0.0282
13037,Calhoun,,0.6068,0.0891
13039,Camden,,0.4026,0.019
13043,Candler,,0.519,0.0437
13045,Carroll,,0.4609,0.0222
13047,Catoosa,,0.3947,0.0113
13049,Charlton,,0.4181,0.0284
13051,Chatham,,0.4713,0.0073
13053,Chattahoochee,,0.3493,0.0465
13055,Chattooga,,0.4554,0.0247
13057,Cherokee,,0.4101,0.0098
13059,Clarke,,0.5397,0.0117
13061,Clay,,0.4698,0.031
13063,Clayton,,0.4252,0.0088
13065,Clinch,,0.5314,0.038
13067,Cobb,,0.4567,0.0054
13069,Coffee,,0.5,0.021
13071,Colquitt,,0.4738,0.0244
13073,Columbia,,0.411,0.0138
13075,Cook,,0.4733,0.0362
13077,Coweta,,0.4225,0.0115
13079,Crawford,,0.4283,0.0364
13081,Crisp,,0.5294,0.0394
13083,Dade,,0.4172,0.0221
13085,Dawson,,0.4588,0.0299
13087,Decatur,,0.5226,0.0235
13089,DeKalb,,0.4904,0.0057
13091,Dodge,,0.4465,0.0146
13093,Dooly,,0.4588,0.036
13095,Dougherty,,0.5163,0.0172
13097,Douglas,,0.4053,0.0108
13099,Early,,0.4873,0.0229
13101,Echols,,0.4617,0.0371
13103,Effingham,,0.3754,0.0149
13105,Elbert,,0.4784,0.0344
13107,Emanuel,,0.4822,0.0269
13109,Evans,,0.4719,0.0381
13111,Fannin,,0.4408,0.0284
13113,Fayette,,0.4253,0.0113
13115,Floyd,,0.4611,0.0127
13117,Forsyth,,0.413,0.0081
13119,Franklin,,0.4433,0.027
13121,Fulton,,0.5443,0.0048
13123,Gilmer,,0.4577,0.022
13125,Glascock,,0.3853,0.0437
13127,Glynn,,0.4802,0.0142
13129,Gordon,,0.4381,0.0164
13131,Grady,,0.4582,0.0209
13133,Greene,,0.5421,0.0244
13135,Gwinnett,,0.424,0.0057
13137,Habersham,,0.4216,0.016
13139,Hall,,0.4554,0.0101
13141,Hancock,,0.4496,0.0313
13143,Haralson,,0.4387,0.0203
13145,Harris,,0.4348,0.0235
13147,Hart,,0.4649,0.0228
13149,Heard,,0.4158,0.0188
13151,Henry,,0.3964,0.0108
13153,Houston,,0.4213,0.0095
13155,Irwin,,0.4957,0.0354
13157,Jackson,,0.4251,0.0146
13159,Jasper,,0.434,0.033
13161,Jeff Davis,,0.4455,0.0296
13163,Jefferson,,0.4884,0.0406
13165,Jenkins,,0.5372,0.0652
13167,Johnson,,0.4518,0.0224
13169,Jones,,0.4518,0.0327
13171,Lamar,,0.4508,0.023
13173,Lanier,,0.4441,0.0328
13175,Laurens,,0.5216,0.0193
13177,Lee,,0.4278,0.0295
13179,Liberty,,0.4153,0.0185
13181,Lincoln,,0.4747,0.036
13183,Long,,0.3727,0.0306
13185,Lowndes,,0.4809,0.0126
13187,Lumpkin,,0.449,0.0266
13189,McDuffie,,0.4689,0.0213
13191,McIntosh,,0.4744,0.0439
13193,Macon,,0.4678,0.03
13195,Madison,,0.4213,0.0182
13197,Marion,,0.4592,0.0388
13199,Meriwether,,0.4599,0.0376
13201,Miller,,0.4612,0.0345
13205,Mitchell,,0.4508,0.0219
13207,Monroe,,0.4798,0.0596
13209,Montgomery,,0.4682,0.0242
13211,Morgan,,0.4468,0.0304
13213,Murray,,0.4112,0.017
13215,Muscogee,,0.4901,0.0111
13217,Newton,,0.4187,0.0131
13219,Oconee,,0.4354,0.0198
13221,Oglethorpe,,0.4143,0.0273
13223,Paulding,,0.3967,0.0171
13225,Peach,,0.4447,0.0205
13227,Pickens,,0.444,0.0274
13229,Pierce,,0.4833,0.0521
13231,Pike,,0.4227,0.032
13233,Polk,,0.4683,0.0402
13235,Pulaski,,0.4499,0.0328
13237,Putnam,,0.4652,0.0309
13239,Quitman,,0.4109,0.0441
13241,Rabun,,0.5049,0.0288
13243,Randolph,,0.6237,0.148
13245,Richmond,,0.4836,0.0116
13247,Rockdale,,0.4149,0.0118
13249,Schley,,0.4792,0.0461
13251,Screven,,0.4758,0.0281
13253,Seminole,,0.4629,0.0305
13255,Spalding,,0.457,0.0145
13257,Stephens,,0.4596,0.0273
13259,Stewart,,0.4705,0.0306
13261,Sumter,,0.48,0.0174
13263,Talbot,,0.5102,0.0417
13265,Taliaferro,,0.4096,0.0273
13267,Tattnall,,0.4648,0.0216
13269,Taylor,,0.4769,0.0223
13271,Telfair,,0.4382,0.0276
13273,Terrell,,0.4734,0.0262
13275,Thomas,,0.489,0.0202
13277,Tift,,0.508,0.0223
13279,Toombs,,0.4944,0.0289
13281,Towns,,0.4411,0.0281
13283,Treutlen,,0.4791,0.0726
13285,Troup,,0.4883,0.0171
13287,Turner,,0.5032,0.0862
13289,Twiggs,,0.5162,0.0319
13291,Union,,0.4122,0.0236
13293,Upson,,0.463,0.0408
13295,Walker,,0.455,0.0193
13297,Walton,,0.4213,0.0136
13299,Ware,,0.4688,0.0228
13301,Warren,,0.4809,0.0302
13303,Washington,,0.4767,0.0235
13305,Wayne,,0.4491,0.0195
13307,Webster,,0.4204,0.0338
13309,Wheeler,,0.4499,0.0339
13311,White,,0.4424,0.0333
13313,Whitfield,,0.4679,0.0199
13315,Wilcox,,0.4562,0.0261
13317,Wilkes,,0.4459,0.0255
13319,Wilkinson,,0.4165,0.0325
13321,Worth,,0.4432,0.0255
15001,Hawaii,,0.4645,0.0119
15003,Honolulu,,0.4211,0.0037
15005,Kalawao,,0.4008,0.1012
15007,Kauai,,0.4199,0.0145
15009,Maui,,0.4386,0.0115
16001,Ada,,0.4515,0.0087
16003,Adams,,0.4302,0.0329
16005,Bannock,,0.4417,0.0131
16007,Bear Lake,,0.3893,0.0433
16009,Benewah,,0.412,0.0251
16011,Bingham,,0.398,0.013
16013,Blaine,,0.4642,0.0283
16015,Boise,,0.4439,0.0293
16017,Bonner,,0.4562,0.022
16019,Bonneville,,0.4502,0.0173
16021,Boundary,,0.4512,0.0315
16023,Butte,,0.4793,0.0437
16025,Camas,,0.493,0.0716
16027,Canyon,,0.4006,0.0104
16029,Caribou,,0.3872,0.028
16031,Cassia,,0.402,0.0167
16033,Clark,,0.3656,0.0544
16035,Clearwater,,0.3989,0.0209
16037,Custer,,0.4258,0.0394
16039,Elmore,,0.413,0.0322
16041,Franklin,,0.3695,0.0221
16043,Fremont,,0.3673,0.0148
16045,Gem,,0.4252,0.0254
16047,Gooding,,0.4413,0.0403
16049,Idaho,,0.3803,0.0196
16051,Jefferson,,0.3911,0.0234
16053,Jerome,,0.3941,0.0222
16055,Kootenai,,0.441,0.0134
16057,Latah,,0.466,0.0212
16059,Lemhi,,0.436,0.0218
16061,Lewis,,0.4244,0.0306
16063,Lincoln,,0.3715,0.0266
16065,Madison,,0.5057,0.0337
16067,Minidoka,,0.4277,0.0303
16069,Nez Perce,,0.4131,0.0142
16071,Oneida,,0.4048,0.0449
16073,Owyhee,,0.4497,0.0363
16075,Payette,,0.4311,0.0426
16077,Power,,0.3629,0.0376
16079,Shoshone,,0.4166,0.0167
16081,Teton,,0.3749,0.0267
16083,Twin Falls,,0.4345,0.016
16085,Valley,,0.3986,0.0336
16087,Washington,,0.4267,0.0238
17001,Adams,,0.4262,0.0116
17003,Alexander,,0.4588,0.0255
17005,Bond,,0.4308,0.0288
17007,Boone,,0.4156,0.0168
17009,Brown,,0.4327,0.0409
17011,Bureau,,0.437,0.0162
17013,Calhoun,,0.4075,0.0261
17015,Carroll,,0.421,0.0195
17017,Cass,,0.4148,0.0214
17019,Champaign,,0.4984,0.0084
17021,Christian,,0.418,0.0121
17023,Clark,,0.4317,0.0318
17025,Clay,,0.4016,0.0298
17027,Clinton,,0.4074,0.0164
17029,Coles,,0.4918,0.0223
17031,Cook,,0.5027,0.0021
17033,Crawford,,0.4516,0.0209
17035,Cumberland,,0.3911,0.0191
17037,DeKalb,,0.4306,0.011
17039,De Witt,,0.4387,0.0348
17041,Douglas,,0.4183,0.0233
17043,DuPage,,0.4535,0.0047
17045,Edgar,,0.4551,0.0257
17047,Edwards,,0.4129,0.0225
17049,Effingham,,0.4339,0.0187
17051,Fayette,,0.4329,0.0209
17053,Ford,,0.4185,0.0197
17055,Franklin,,0.4301,0.0147
17057,Fulton,,0.4077,0.0171
20109,Logan,,0.4521,0.0434
20111,Lyon,,0.4405,0.021
20113,McPherson,,0.3944,0.0165
20115,Marion,,0.4247,0.0278
20117,Marshall,,0.4495,0.0216
20119,Meade,,0.3683,0.0228
20121,Miami,,0.415,0.0198
20123,Mitchell,,0.4424,0.0301
20125,Montgomery,,0.4341,0.0209
20127,Morris,,0.3851,0.023
20129,Morton,,0.3827,0.0359
20131,Nemaha,,0.4236,0.0288
20133,Neosho,,0.4421,0.0214
20135,Ness,,0.4575,0.0358
20137,Norton,,0.3921,0.043
20139,Osage,,0.3984,0.013
20141,Osborne,,0.4729,0.0353
20143,Ottawa,,0.3886,0.027
20145,Pawnee,,0.4287,0.0452
20147,Phillips,,0.4086,0.0226
20149,Pottawatomie,,0.3892,0.0174
20151,Pratt,,0.4544,0.0262
20153,Rawlins,,0.4408,0.0364
20155,Reno,,0.4221,0.014
20157,Republic,,0.4225,0.0355
20159,Rice,,0.4275,0.0484
20161,Riley,,0.4837,0.0174
20163,Rooks,,0.4298,0.0279
20165,Rush,,0.4235,0.0205
20167,Russell,,0.4633,0.0521
20169,Saline,,0.4428,0.0219
20171,Scott,,0.3676,0.0429
20173,Sedgwick,,0.4496,0.0051
20175,Seward,,0.4096,0.0262
20177,Shawnee,,0.4429,0.0087
20179,Sheridan,,0.4188,0.0414
20181,Sherman,,0.4052,0.039
20183,Smith,,0.4773,0.0474
20185,Stafford,,0.4213,0.0275
20187,Stanton,,0.3794,0.0346
20189,Stevens,,0.4573,0.0542
20191,Sumner,,0.4177,0.016
20193,Thomas,,0.474,0.0387
20195,Trego,,0.3766,0.033
20197,Wabaunsee,,0.3536,0.0161
20199,Wallace,,0.4745,0.054
20201,Washington,,0.4023,0.0217
20203,Wichita,,0.3893,0.0463
20205,Wilson,,0.4349,0.0305
20207,Woodson,,0.4333,0.0329
20209,Wyandotte,,0.428,0.0084
21001,Adair,,0.4542,0.0176
21003,Allen,,0.4369,0.0265
21005,Anderson,,0.3685,0.0188
21007,Ballard,,0.4461,0.0233
21009,Barren,,0.4472,0.0174
21011,Bath,,0.5118,0.0609
21013,Bell,,0.4796,0.0148
21015,Boone,,0.4013,0.0116
21017,Bourbon,,0.4476,0.0316
21019,Boyd,,0.5123,0.0529
21021,Boyle,,0.4698,0.0235
21023,Bracken,,0.4332,0.0202
21025,Breathitt,,0.4801,0.0215
21027,Breckinridge,,0.4069,0.0201
21029,Bullitt,,0.3719,0.0112
21031,Butler,,0.4413,0.0197
21033,Caldwell,,0.4396,0.0355
21035,Calloway,,0.4887,0.0178
21037,Campbell,,0.4439,0.0127
21039,Carlisle,,0.4092,0.0266
21041,Carroll,,0.431,0.0294
21043,Carter,,0.4175,0.0199
21045,Casey,,0.4532,0.0208
21047,Christian,,0.4458,0.0191
21049,Clark,,0.4499,0.0238
21051,Clay,,0.4836,0.0274
21053,Clinton,,0.4706,0.034
21055,Crittenden,,0.4682,0.0278
21057,Cumberland,,0.4716,0.0574
21059,Daviess,,0.4373,0.0106
21061,Edmonson,,0.4236,0.0275
21063,Elliott,,0.4751,0.0321
21065,Estill,,0.4426,0.0261
21067,Fayette,,0.4986,0.008
21069,Fleming,,0.507,0.0397
21071,Floyd,,0.4942,0.0212
21073,Franklin,,0.4184,0.0131
21075,Fulton,,0.4777,0.0217
21077,Gallatin,,0.4046,0.0255
21079,Garrard,,0.4346,0.0335
21081,Grant,,0.4004,0.0163
21083,Graves,,0.442,0.017
21085,Grayson,,0.4731,0.0466
21087,Green,,0.4681,0.0337
21089,Greenup,,0.4604,0.0198
21091,Hancock,,0.4,0.0219
21093,Hardin,,0.4186,0.0106
21095,Harlan,,0.4732,0.0142
21097,Harrison,,0.4811,0.0298
21099,Hart,,0.4797,0.0456
21101,Henderson,,0.4473,0.0186
21103,Henry,,0.4182,0.0203
21105,Hickman,,0.3488,0.0301
21107,Hopkins,,0.4364,0.0158
21109,Jackson,,0.4604,0.0272
21111,Jefferson,,0.4847,0.0056
21113,Jessamine,,0.4866,0.0244
21115,Johnson,,0.4552,0.0271
21117,Kenton,,0.4461,0.0092
21119,Knott,,0.4705,0.0242
21121,Knox,,0.4768,0.0368
21123,Larue,,0.4368,0.0267
21125,Laurel,,0.4527,0.0162
21127,Lawrence,,0.4618,0.0309
21129,Lee,,0.4832,0.0351
21131,Leslie,,0.4862,0.0367
21133,Letcher,,0.4608,0.0178
21135,Lewis,,0.4687,0.0214
21137,Lincoln,,0.445,0.0174
21139,Livingston,,0.4505,0.0524
21141,Logan,,0.4202,0.0188
21143,Lyon,,0.4412,0.0304
21145,McCracken,,0.5136,0.0263
21147,McCreary,,0.4724,0.0247
21149,McLean,,0.4126,0.018
21151,Madison,,0.4574,0.0127
21153,Magoffin,,0.4697,0.0208
21155,Marion,,0.4489,0.0272
21157,Marshall,,0.4206,0.0195
21159,Martin,,0.4853,0.033
21161,Mason,,0.5235,0.0359
21163,Meade,,0.4326,0.032
21165,Menifee,,0.4366,0.0241
21167,Mercer,,0.4427,0.0157
21169,Metcalfe,,0.4419,0.0299
21171,Monroe,,0.457,0.0253
21173,Montgomery,,0.4719,0.0265
21175,Morgan,,0.4647,0.0267
21177,Muhlenberg,,0.4299,0.0157
21179,Nelson,,0.4519,0.0391
21181,Nicholas,,0.4498,0.0276
21183,Ohio,,0.4476,0.028
21185,Oldham,,0.422,0.0166
21187,Owen,,0.4813,0.0445
21189,Owsley,,0.5008,0.031
21191,Pendleton,,0.4373,0.0388
21193,Perry,,0.4731,0.0251
21195,Pike,,0.4827,0.0118
21197,Powell,,0.4762,0.0313
21199,Pulaski,,0.4971,0.022
21201,Robertson,,0.4447,0.0363
21203,Rockcastle,,0.4652,0.0224
21205,Rowan,,0.4546,0.0237
21207,Russell,,0.4548,0.0227
21209,Scott,,0.414,0.0213
21211,Shelby,,0.4307,0.0162
21213,Simpson,,0.4209,0.0209
21215,Spencer,,0.3665,0.0199
21217,Taylor,,0.4346,0.0179
21219,Todd,,0.4257,0.0235
21221,Trigg,,0.4661,0.0446
21223,Trimble,,0.3947,0.0315
21225,Union,,0.4418,0.0171
21227,Warren,,0.4684,0.0164
21229,Washington,,0.4159,0.0228
21231,Wayne,,0.4563,0.0236
21233,Webster,,0.4249,0.0233
21235,Whitley,,0.4754,0.023
21237,Wolfe,,0.5142,0.0407
21239,Woodford,,0.4506,0.0304
22001,Acadia,,0.4679,0.0126
22003,Allen,,0.4688,0.0376
22005,Ascension,,0.4041,0.0101
22007,Assumption,,0.4501,0.0284
22009,Avoyelles,,0.4878,0.0189
22011,Beauregard,,0.4486,0.0227
22013,Bienville,,0.4813,0.0342
22015,Bossier,,0.443,0.0129
22017,Caddo,,0.5039,0.0084
22019,Calcasieu,,0.4689,0.0096
22021,Caldwell,,0.5253,0.0458
22023,Cameron,,0.4129,0.0339
22025,Catahoula,,0.5187,0.0416
22027,Claiborne,,0.4912,0.025
22029,Concordia,,0.4948,0.0246
22031,De Soto,,0.4899,0.0176
22033,East Baton Rouge,,0.4908,0.0077
17183,Vermilion,,0.4308,0.0109
17185,Wabash,,0.4149,0.0192
17187,Warren,,0.4264,0.0214
17189,Washington,,0.4336,0.0308
17191,Wayne,,0.4206,0.0176
17193,White,,0.4584,0.031
17195,Whiteside,,0.4206,0.0138
17197,Will,,0.406,0.0041
17199,Williamson,,0.4479,0.0128
17201,Winnebago,,0.4493,0.0077
17203,Woodford,,0.4097,0.0211
18001,Adams,,0.4255,0.0238
18003,Allen,,0.4528,0.0079
18005,Bartholomew,,0.4255,0.0125
18007,Benton,,0.3838,0.016
18009,Blackford,,0.4231,0.0337
18011,Boone,,0.479,0.017
18013,Brown,,0.4556,0.0409
18015,Carroll,,0.3966,0.0218
18017,Cass,,0.4237,0.0252
18019,Clark,,0.4157,0.014
18021,Clay,,0.4041,0.0196
18023,Clinton,,0.4003,0.0191
18025,Crawford,,0.4023,0.0206
18027,Daviess,,0.4079,0.0184
18029,Dearborn,,0.414,0.0283
18031,Decatur,,0.3907,0.0216
18033,DeKalb,,0.4219,0.023
18035,Delaware,,0.4669,0.0147
18037,Dubois,,0.4075,0.0295
18039,Elkhart,,0.419,0.0112
18041,Fayette,,0.4454,0.0308
18043,Floyd,,0.4419,0.0145
18045,Fountain,,0.4172,0.0287
18047,Franklin,,0.3887,0.0206
18049,Fulton,,0.4275,0.0478
18051,Gibson,,0.4111,0.0157
18053,Grant,,0.4201,0.013
18055,Greene,,0.4156,0.0257
18057,Hamilton,,0.4344,0.0093
18059,Hancock,,0.3765,0.0117
18061,Harrison,,0.4034,0.0143
18063,Hendricks,,0.3752,0.009
18065,Henry,,0.4535,0.0263
18067,Howard,,0.4446,0.0105
18069,Huntington,,0.3851,0.0111
18071,Jackson,,0.3998,0.0155
18073,Jasper,,0.376,0.0189
18075,Jay,,0.4012,0.0206
18077,Jefferson,,0.3947,0.0197
18079,Jennings,,0.4063,0.0213
18081,Johnson,,0.4092,0.0106
18083,Knox,,0.4304,0.0191
18085,Kosciusko,,0.4245,0.0123
18087,LaGrange,,0.4161,0.024
18089,Lake,,0.4492,0.0081
18091,LaPorte,,0.4406,0.0143
18093,Lawrence,,0.4082,0.0182
18095,Madison,,0.4247,0.0098
18097,Marion,,0.4774,0.0063
18099,Marshall,,0.4175,0.0144
18101,Martin,,0.4107,0.0197
18103,Miami,,0.4194,0.023
18105,Monroe,,0.5111,0.0108
18107,Montgomery,,0.3963,0.0134
18109,Morgan,,0.4077,0.0186
18111,Newton,,0.403,0.0207
18113,Noble,,0.4089,0.0177
18115,Ohio,,0.3758,0.0226
18117,Orange,,0.4174,0.0235
18119,Owen,,0.4076,0.0208
18121,Parke,,0.4501,0.0467
18123,Perry,,0.3959,0.0137
18125,Pike,,0.3903,0.0164
18127,Porter,,0.4193,0.0087
18129,Posey,,0.4373,0.0247
18131,Pulaski,,0.4271,0.0342
18133,Putnam,,0.4094,0.0225
18135,Randolph,,0.4634,0.0403
18137,Ripley,,0.3825,0.0161
18139,Rush,,0.4169,0.0211
18141,St. Joseph,,0.4623,0.0062
18143,Scott,,0.4124,0.0392
18145,Shelby,,0.3838,0.0126
18147,Spencer,,0.3853,0.0198
18149,Starke,,0.4124,0.0332
18151,Steuben,,0.4053,0.0174
18153,Sullivan,,0.4142,0.0213
18155,Switzerland,,0.3749,0.0275
18157,Tippecanoe,,0.4726,0.0117
18159,Tipton,,0.386,0.026
18161,Union,,0.3722,0.0179
18163,Vanderburgh,,0.4617,0.0139
18165,Vermillion,,0.3976,0.018
18167,Vigo,,0.4676,0.018
18169,Wabash,,0.4049,0.0211
18171,Warren,,0.3876,0.0278
18173,Warrick,,0.4185,0.0188
18175,Washington,,0.4183,0.023
18177,Wayne,,0.4736,0.0169
18179,Wells,,0.3844,0.016
18181,White,,0.4019,0.0202
18183,Whitley,,0.3804,0.0204
19001,Adair,,0.4225,0.0244
19003,Adams,,0.4045,0.0287
19005,Allamakee,,0.4277,0.0203
19007,Appanoose,,0.4492,0.0299
19009,Audubon,,0.4647,0.0437
19011,Benton,,0.4173,0.0285
19013,Black Hawk,,0.435,0.0088
19015,Boone,,0.3993,0.0158
19017,Bremer,,0.435,0.0195
19019,Buchanan,,0.446,0.0393
19021,Buena Vista,,0.4404,0.0313
19023,Butler,,0.4049,0.0288
19025,Calhoun,,0.4591,0.02
19027,Carroll,,0.4366,0.0174
19029,Cass,,0.4313,0.0276
19031,Cedar,,0.366,0.0168
19033,Cerro Gordo,,0.455,0.0198
19035,Cherokee,,0.433,0.0257
19037,Chickasaw,,0.43,0.0299
19039,Clarke,,0.4125,0.0223
19041,Clay,,0.4144,0.028
19043,Clayton,,0.4203,0.0216
19045,Clinton,,0.4349,0.0148
19047,Crawford,,0.4396,0.0321
19049,Dallas,,0.4351,0.0157
19051,Davis,,0.4488,0.0462
19053,Decatur,,0.4429,0.0194
19055,Delaware,,0.3881,0.0182
19057,Des Moines,,0.4358,0.0148
19059,Dickinson,,0.444,0.0231
19061,Dubuque,,0.4183,0.0095
19063,Emmet,,0.4686,0.0375
19065,Fayette,,0.423,0.0147
19067,Floyd,,0.4382,0.03
19069,Franklin,,0.4218,0.0224
19071,Fremont,,0.4347,0.0239
19073,Greene,,0.4528,0.0357
19075,Grundy,,0.425,0.0233
19077,Guthrie,,0.4451,0.032
19079,Hamilton,,0.4312,0.0409
19081,Hancock,,0.3977,0.0175
19083,Hardin,,0.4078,0.0205
19085,Harrison,,0.4034,0.0156
19087,Henry,,0.4154,0.0276
19089,Howard,,0.4215,0.0308
19091,Humboldt,,0.4427,0.0312
19093,Ida,,0.4663,0.036
19095,Iowa,,0.3877,0.0186
19097,Jackson,,0.423,0.0165
19099,Jasper,,0.4053,0.0179
19101,Jefferson,,0.485,0.0406
19103,Johnson,,0.4859,0.0117
19105,Jones,,0.4119,0.024
19107,Keokuk,,0.3954,0.0151
19109,Kossuth,,0.432,0.0172
19111,Lee,,0.4068,0.0176
19113,Linn,,0.4282,0.0089
19115,Louisa,,0.4225,0.0373
19117,Lucas,,0.4322,0.0243
19119,Lyon,,0.41,0.0237
19121,Madison,,0.414,0.0218
19123,Mahaska,,0.4442,0.0337
19125,Marion,,0.3961,0.0191
19127,Marshall,,0.3908,0.0156
19129,Mills,,0.3862,0.016
19131,Mitchell,,0.402,0.0165
19133,Monona,,0.4504,0.0257
19135,Monroe,,0.4281,0.0579
19137,Montgomery,,0.4397,0.0182
19139,Muscatine,,0.4104,0.0201
19141,O'Brien,,0.4568,0.0333
19143,Osceola,,0.3992,0.0217
19145,Page,,0.4295,0.0185
19147,Palo Alto,,0.423,0.0256
19149,Plymouth,,0.3925,0.0138
19151,Pocahontas,,0.4382,0.0252
19153,Polk,,0.4474,0.0068
19155,Pottawattamie,,0.4305,0.013
19157,Poweshiek,,0.4172,0.0209
19159,Ringgold,,0.4724,0.0393
19161,Sac,,0.4069,0.0182
19163,Scott,,0.4426,0.0086
19165,Shelby,,0.4348,0.0279
19167,Sioux,,0.3999,0.0167
19169,Story,,0.464,0.011
19171,Tama,,0.4019,0.0179
19173,Taylor,,0.413,0.0153
19175,Union,,0.4078,0.0193
19177,Van Buren,,0.4052,0.0207
19179,Wapello,,0.4423,0.019
19181,Warren,,0.3908,0.0131
19183,Washington,,0.3959,0.0242
19185,Wayne,,0.4212,0.022
19187,Webster,,0.445,0.0139
19189,Winnebago,,0.4161,0.0331
19191,Winneshiek,,0.3899,0.0127
19193,Woodbury,,0.4389,0.0139
19195,Worth,,0.412,0.021
19197,Wright,,0.4548,0.0185
20001,Allen,,0.431,0.0268
20003,Anderson,,0.3989,0.0231
20005,Atchison,,0.4364,0.039
20007,Barber,,0.4302,0.026
20009,Barton,,0.4392,0.0247
20011,Bourbon,,0.4562,0.0239
20013,Brown,,0.4219,0.0268
20015,Butler,,0.4123,0.0133
20017,Chase,,0.4324,0.0327
20019,Chautauqua,,0.4587,0.0372
20021,Cherokee,,0.3923,0.0209
20023,Cheyenne,,0.3947,0.0246
20025,Clark,,0.4345,0.0335
20027,Clay,,0.4424,0.0415
20029,Cloud,,0.4126,0.0313
20031,Coffey,,0.4056,0.0157
20033,Comanche,,0.3968,0.0308
20035,Cowley,,0.4307,0.0132
20037,Crawford,,0.4572,0.0142
20039,Decatur,,0.5017,0.0576
20041,Dickinson,,0.4123,0.0187
20043,Doniphan,,0.4075,0.0221
20045,Douglas,,0.4757,0.0144
20047,Edwards,,0.4132,0.0259
20049,Elk,,0.3985,0.0199
20051,Ellis,,0.4639,0.0248
20053,Ellsworth,,0.4179,0.0279
20055,Finney,,0.4172,0.0214
20057,Ford,,0.4089,0.0246
20059,Franklin,,0.4098,0.0289
20061,Geary,,0.4074,0.0298
20063,Gove,,0.4193,0.0231
20065,Graham,,0.4563,0.0348
20067,Grant,,0.4131,0.0471
20069,Gray,,0.3653,0.0232
20071,Greeley,,0.3859,0.0401
20073,Greenwood,,0.442,0.046
20075,Hamilton,,0.413,0.0378
20077,Harper,,0.4529,0.0256
20079,Harvey,,0.3947,0.0142
20081,Haskell,,0.3883,0.0279
20083,Hodgeman,,0.4377,0.0701
20085,Jackson,,0.3872,0.0301
20087,Jefferson,,0.3441,0.0135
20089,Jewell,,0.4191,0.0327
20091,Johnson,,0.4502,0.0067
20093,Kearny,,0.4209,0.0377
20095,Kingman,,0.3953,0.0298
20097,Kiowa,,0.4446,0.0321
20099,Labette,,0.4183,0.0175
20101,Lane,,0.4137,0.0349
20103,Leavenworth,,0.4049,0.0125
20105,Lincoln,,0.4333,0.0415
20107,Linn,,0.4718,0.0544
29151,Osage,,0.3725,0.0145
29153,Ozark,,0.4078,0.0165
29155,Pemiscot,,0.4688,0.0193
29157,Perry,,0.3861,0.0231
29159,Pettis,,0.4344,0.0175
29161,Phelps,,0.4562,0.0153
29163,Pike,,0.4127,0.0194
29165,Platte,,0.4298,0.0129
29167,Polk,,0.4187,0.0175
29169,Pulaski,,0.3781,0.0182
29171,Putnam,,0.4319,0.0277
29173,Ralls,,0.3797,0.0229
29175,Randolph,,0.4399,0.023
29177,Ray,,0.3998,0.0178
29179,Reynolds,,0.4534,0.0292
29181,Ripley,,0.4068,0.0224
29183,St. Charles,,0.392,0.0059
29185,St. Clair,,0.448,0.0241
29186,Ste. Genevieve,,0.408,0.0324
29187,St. Francois,,0.4286,0.0146
29189,St. Louis,,0.4877,0.0041
29195,Saline,,0.4226,0.0163
29197,Schuyler,,0.4449,0.0327
29199,Scotland,,0.4668,0.0451
29201,Scott,,0.438,0.0188
29203,Shannon,,0.4552,0.0242
29205,Shelby,,0.4221,0.0207
29207,Stoddard,,0.4424,0.0219
29209,Stone,,0.4237,0.0216
29211,Sullivan,,0.4078,0.0229
29213,Taney,,0.4392,0.018
29215,Texas,,0.4506,0.0255
29217,Vernon,,0.4178,0.0211
29219,Warren,,0.4146,0.0193
29221,Washington,,0.4419,0.0326
29223,Wayne,,0.4424,0.0397
29225,Webster,,0.4178,0.0192
29227,Worth,,0.411,0.0415
29229,Wright,,0.4987,0.0327
29510,St. Louis,,0.5073,0.0078
30001,Beaverhead,,0.4805,0.0482
30003,Big Horn,,0.4439,0.0239
30005,Blaine,,0.4389,0.0274
30007,Broadwater,,0.4272,0.0314
30009,Carbon,,0.4231,0.0195
30011,Carter,,0.4874,0.0459
30013,Cascade,,0.4515,0.0132
30015,Chouteau,,0.452,0.0208
30017,Custer,,0.4352,0.0207
30019,Daniels,,0.461,0.0505
30021,Dawson,,0.4145,0.0311
30023,Deer Lodge,,0.4543,0.0418
30025,Fallon,,0.4858,0.0826
30027,Fergus,,0.4462,0.0375
30029,Flathead,,0.4531,0.0211
30031,Gallatin,,0.4551,0.0143
30033,Garfield,,0.4671,0.0511
30035,Glacier,,0.5198,0.0259
30037,Golden Valley,,0.3673,0.0284
30039,Granite,,0.4216,0.0372
30041,Hill,,0.4161,0.0129
30043,Jefferson,,0.4154,0.0215
22035,East Carroll,,0.5093,0.0333
22037,East Feliciana,,0.4504,0.0254
22039,Evangeline,,0.4986,0.0241
22041,Franklin,,0.4862,0.0158
22043,Grant,,0.4332,0.022
22045,Iberia,,0.4936,0.0289
22047,Iberville,,0.4803,0.0244
22049,Jackson,,0.455,0.0175
22051,Jefferson,,0.4725,0.0056
22053,Jefferson Davis,,0.4889,0.0173
22055,Lafayette,,0.4938,0.0083
22057,Lafourche,,0.4526,0.0137
22059,LaSalle,,0.4784,0.0293
22061,Lincoln,,0.5393,0.0212
22063,Livingston,,0.4255,0.0135
22065,Madison,,0.5,0.0233
22067,Morehouse,,0.5249,0.0547
22069,Natchitoches,,0.5519,0.0219
22071,Orleans,,0.5686,0.0064
22073,Ouachita,,0.4987,0.0111
22075,Plaquemines,,0.4527,0.0249
22077,Pointe Coupee,,0.4873,0.0301
22079,Rapides,,0.4682,0.0113
22081,Red River,,0.5318,0.0498
22083,Richland,,0.4736,0.0225
22085,Sabine,,0.484,0.0127
22087,St. Bernard,,0.4336,0.0137
22089,St. Charles,,0.4192,0.0126
22091,St. Helena,,0.4785,0.0673
22093,St. James,,0.443,0.0187
22095,St. John the Baptist,,0.4215,0.018
22097,St. Landry,,0.5055,0.0143
22099,St. Martin,,0.4592,0.0167
22101,St. Mary,,0.4749,0.0156
22103,St. Tammany,,0.4577,0.0076
22105,Tangipahoa,,0.4671,0.0108
22107,Tensas,,0.5047,0.0312
22109,Terrebonne,,0.4489,0.0123
22111,Union,,0.4817,0.0195
22113,Vermilion,,0.4589,0.0159
22115,Vernon,,0.4104,0.0111
22117,Washington,,0.4956,0.0256
22119,Webster,,0.4794,0.0212
22121,West Baton Rouge,,0.4327,0.0174
22123,West Carroll,,0.4799,0.0382
22125,West Feliciana,,0.4553,0.0304
22127,Winn,,0.5025,0.0213
23001,Androscoggin,,0.4321,0.0126
23003,Aroostook,,0.4462,0.0107
23005,Cumberland,,0.4696,0.01
23007,Franklin,,0.4307,0.022
23009,Hancock,,0.4605,0.0169
23011,Kennebec,,0.4308,0.0087
23013,Knox,,0.421,0.016
23015,Lincoln,,0.4396,0.0163
23017,Oxford,,0.4211,0.0117
23019,Penobscot,,0.4468,0.0105
23021,Piscataquis,,0.4477,0.0298
23023,Sagadahoc,,0.4315,0.0207
23025,Somerset,,0.4221,0.0113
23027,Waldo,,0.4357,0.0158
23029,Washington,,0.4455,0.0239
23031,York,,0.4279,0.0109
24001,Allegany,,0.458,0.0118
24003,Anne Arundel,,0.4162,0.0072
24005,Baltimore,,0.4463,0.0046
24009,Calvert,,0.3768,0.0119
24011,Caroline,,0.4248,0.0176
24013,Carroll,,0.3984,0.0123
24015,Cecil,,0.4009,0.0085
24017,Charles,,0.3835,0.0091
24019,Dorchester,,0.4683,0.0255
24021,Frederick,,0.4009,0.0076
24023,Garrett,,0.449,0.0207
24025,Harford,,0.4025,0.0068
24027,Howard,,0.396,0.0067
24029,Kent,,0.4511,0.0219
24031,Montgomery,,0.456,0.0035
24033,Prince George's,,0.3953,0.0033
24035,Queen Anne's,,0.4049,0.0136
24037,St. Mary's,,0.3972,0.0125
24039,Somerset,,0.4591,0.0171
24041,Talbot,,0.5049,0.0181
24043,Washington,,0.4315,0.0098
24045,Wicomico,,0.4525,0.0157
24047,Worcester,,0.4545,0.0152
24510,Baltimore,,0.5098,0.0061
25001,Barnstable,,0.457,0.0086
25003,Berkshire,,0.472,0.0094
25005,Bristol,,0.4536,0.0042
25007,Dukes,,0.5225,0.0422
25009,Essex,,0.4769,0.0052
25011,Franklin,,0.4349,0.0142
25013,Hampden,,0.4677,0.0053
25015,Hampshire,,0.4606,0.0106
25017,Middlesex,,0.4734,0.0033
25019,Nantucket,,0.4682,0.0408
25021,Norfolk,,0.4751,0.0042
25023,Plymouth,,0.4468,0.006
25025,Suffolk,,0.5327,0.0057
25027,Worcester,,0.4496,0.0032
26001,Alcona,,0.4337,0.0197
26003,Alger,,0.4355,0.041
26005,Allegan,,0.4156,0.0128
26007,Alpena,,0.4292,0.0133
26009,Antrim,,0.4635,0.0204
26011,Arenac,,0.4349,0.0167
26013,Baraga,,0.4365,0.0318
26015,Barry,,0.3957,0.0159
26017,Bay,,0.4366,0.0128
26019,Benzie,,0.4048,0.0147
26021,Berrien,,0.4676,0.0088
26023,Branch,,0.4221,0.0124
26025,Calhoun,,0.4465,0.0104
26027,Cass,,0.4326,0.0155
26029,Charlevoix,,0.4707,0.02
26031,Cheboygan,,0.4491,0.0231
26033,Chippewa,,0.4365,0.0172
26035,Clare,,0.4404,0.0201
26037,Clinton,,0.4249,0.0145
26039,Crawford,,0.4035,0.0303
26041,Delta,,0.4268,0.0179
26043,Dickinson,,0.4537,0.0273
26045,Eaton,,0.4009,0.0104
26047,Emmet,,0.4824,0.0341
26049,Genesee,,0.4535,0.0052
26051,Gladwin,,0.4377,0.015
26053,Gogebic,,0.4536,0.0247
26055,Grand Traverse,,0.4409,0.0164
26057,Gratiot,,0.4353,0.0134
26059,Hillsdale,,0.4295,0.0117
26061,Houghton,,0.453,0.0161
26063,Huron,,0.4244,0.0104
26065,Ingham,,0.4805,0.0068
26067,Ionia,,0.3977,0.0106
26069,Iosco,,0.451,0.0291
26071,Iron,,0.4314,0.0202
26073,Isabella,,0.4847,0.0135
26075,Jackson,,0.437,0.007
26077,Kalamazoo,,0.4716,0.0075
26079,Kalkaska,,0.428,0.0224
26081,Kent,,0.4554,0.0053
26083,Keweenaw,,0.4463,0.0419
26085,Lake,,0.4378,0.0153
26087,Lapeer,,0.3887,0.0086
26089,Leelanau,,0.4735,0.0242
26091,Lenawee,,0.4074,0.0101
26093,Livingston,,0.3878,0.0062
26095,Luce,,0.4115,0.0255
26097,Mackinac,,0.4247,0.0167
26099,Macomb,,0.4212,0.0039
26101,Manistee,,0.4261,0.015
26103,Marquette,,0.4512,0.0128
26105,Mason,,0.4511,0.0206
26107,Mecosta,,0.4394,0.0159
26109,Menominee,,0.4263,0.0166
26111,Midland,,0.4637,0.0116
26113,Missaukee,,0.4043,0.0135
26115,Monroe,,0.4111,0.0085
26117,Montcalm,,0.4106,0.0127
26119,Montmorency,,0.4032,0.0248
26121,Muskegon,,0.4364,0.0077
26123,Newaygo,,0.4239,0.0143
26125,Oakland,,0.4676,0.0031
26127,Oceana,,0.4171,0.0141
26129,Ogemaw,,0.4338,0.0128
26131,Ontonagon,,0.4044,0.0207
26133,Osceola,,0.4216,0.0115
26135,Oscoda,,0.4189,0.0201
26137,Otsego,,0.4241,0.0212
26139,Ottawa,,0.4137,0.0075
26141,Presque Isle,,0.4031,0.0171
26143,Roscommon,,0.4535,0.0307
26145,Saginaw,,0.4515,0.008
26147,St. Clair,,0.4285,0.0095
26149,St. Joseph,,0.4145,0.0129
26151,Sanilac,,0.427,0.0153
26153,Schoolcraft,,0.4419,0.0224
26155,Shiawassee,,0.4116,0.0113
26157,Tuscola,,0.398,0.0092
26159,Van Buren,,0.4273,0.0114
26161,Washtenaw,,0.4767,0.0061
26163,Wayne,,0.493,0.0026
26165,Wexford,,0.4256,0.0177
27001,Aitkin,,0.4338,0.0265
27003,Anoka,,0.3882,0.006
27005,Becker,,0.4242,0.0103
27007,Beltrami,,0.4432,0.0187
27009,Benton,,0.4088,0.0123
27011,Big Stone,,0.4434,0.0212
27013,Blue Earth,,0.4563,0.0151
27015,Brown,,0.4216,0.0164
27017,Carlton,,0.4003,0.0129
27019,Carver,,0.4281,0.0122
27021,Cass,,0.4248,0.0091
27023,Chippewa,,0.408,0.018
27025,Chisago,,0.367,0.0122
27027,Clay,,0.4138,0.0111
27029,Clearwater,,0.4439,0.019
27031,Cook,,0.4476,0.0372
27033,Cottonwood,,0.434,0.0164
27035,Crow Wing,,0.4507,0.0155
27037,Dakota,,0.41,0.0048
27039,Dodge,,0.3878,0.0149
27041,Douglas,,0.439,0.0222
27043,Faribault,,0.4366,0.0171
27045,Fillmore,,0.4142,0.0123
27047,Freeborn,,0.431,0.014
27049,Goodhue,,0.4311,0.0175
27051,Grant,,0.4276,0.018
27053,Hennepin,,0.4854,0.0034
27055,Houston,,0.4016,0.0123
27057,Hubbard,,0.4109,0.015
27059,Isanti,,0.3853,0.0211
27061,Itasca,,0.4135,0.0104
27063,Jackson,,0.4179,0.0162
27065,Kanabec,,0.4107,0.0167
27067,Kandiyohi,,0.438,0.0156
27069,Kittson,,0.4296,0.0176
27071,Koochiching,,0.448,0.0216
27073,Lac qui Parle,,0.4491,0.0192
27075,Lake,,0.4291,0.0246
27077,Lake of the Woods,,0.3601,0.0235
27079,Le Sueur,,0.396,0.0101
27081,Lincoln,,0.4317,0.0237
27083,Lyon,,0.4546,0.0351
27085,McLeod,,0.3931,0.0135
27087,Mahnomen,,0.442,0.0138
27089,Marshall,,0.3914,0.0224
27091,Martin,,0.4296,0.0168
27093,Meeker,,0.4174,0.016
27095,Mille Lacs,,0.4013,0.0129
27097,Morrison,,0.413,0.0129
27099,Mower,,0.4465,0.0203
27101,Murray,,0.4238,0.0181
27103,Nicollet,,0.409,0.0186
27105,Nobles,,0.4279,0.0165
27107,Norman,,0.4207,0.0167
27109,Olmsted,,0.4442,0.0082
27111,Otter Tail,,0.4303,0.0105
27113,Pennington,,0.4157,0.0172
27115,Pine,,0.4168,0.0081
27117,Pipestone,,0.4638,0.0379
27119,Polk,,0.4242,0.0104
27121,Pope,,0.4309,0.0205
27123,Ramsey,,0.4609,0.0051
27125,Red Lake,,0.4036,0.0215
27127,Redwood,,0.424,0.0127
27129,Renville,,0.4434,0.0192
27131,Rice,,0.4282,0.0138
27133,Rock,,0.4269,0.021
27135,Roseau,,0.4124,0.0173
27137,St. Louis,,0.4485,0.0074
27139,Scott,,0.3888,0.0091
27141,Sherburne,,0.3739,0.0149
27143,Sibley,,0.3965,0.0125
27145,Stearns,,0.4248,0.008
27147,Steele,,0.4144,0.0173
27149,Stevens,,0.4456,0.0175
27151,Swift,,0.4115,0.0182
27153,Todd,,0.4218,0.0101
27155,Traverse,,0.4428,0.0318
27157,Wabasha,,0.4261,0.0222
27159,Wadena,,0.4423,0.019
27161,Waseca,,0.4066,0.0197
27163,Washington,,0.4133,0.0074
27165,Watonwan,,0.4217,0.0256
27167,Wilkin,,0.4093,0.0204
27169,Winona,,0.4297,0.0119
27171,Wright,,0.3723,0.0082
27173,Yellow Medicine,,0.4096,0.0175
28001,Adams,,0.5156,0.0223
28003,Alcorn,,0.4459,0.0156
28005,Amite,,0.4577,0.0235
28007,Attala,,0.5136,0.0383
28009,Benton,,0.4903,0.0581
28011,Bolivar,,0.4938,0.0147
28013,Calhoun,,0.4536,0.0223
28015,Carroll,,0.481,0.0286
28017,Chickasaw,,0.4866,0.0406
28019,Choctaw,,0.4435,0.0205
28021,Claiborne,,0.5062,0.0309
28023,Clarke,,0.4508,0.0188
28025,Clay,,0.4874,0.0202
28027,Coahoma,,0.4921,0.0164
28029,Copiah,,0.4898,0.0262
28031,Covington,,0.4442,0.0208
28033,DeSoto,,0.3926,0.0102
28035,Forrest,,0.5017,0.0206
28037,Franklin,,0.4608,0.0257
28039,George,,0.4595,0.0393
28041,Greene,,0.437,0.0321
28043,Grenada,,0.5019,0.0416
28045,Hancock,,0.4418,0.0203
28047,Harrison,,0.4486,0.008
28049,Hinds,,0.4917,0.0099
28051,Holmes,,0.5395,0.0283
28053,Humphreys,,0.519,0.0536
28055,Issaquena,,0.4807,0.0832
28057,Itawamba,,0.4643,0.0464
28059,Jackson,,0.4554,0.0126
28061,Jasper,,0.4785,0.0359
28063,Jefferson,,0.4998,0.0449
28065,Jefferson Davis,,0.484,0.026
28067,Jones,,0.4907,0.0182
28069,Kemper,,0.4505,0.0315
28071,Lafayette,,0.5245,0.0263
28073,Lamar,,0.4609,0.0188
28075,Lauderdale,,0.4842,0.0195
28077,Lawrence,,0.4821,0.0353
28079,Leake,,0.4735,0.0242
28081,Lee,,0.4581,0.0178
28083,Leflore,,0.5325,0.0247
28085,Lincoln,,0.4567,0.0194
28087,Lowndes,,0.4619,0.0152
28089,Madison,,0.4884,0.0153
28091,Marion,,0.5155,0.032
28093,Marshall,,0.4415,0.0251
28095,Monroe,,0.4392,0.0191
28097,Montgomery,,0.4799,0.0381
28099,Neshoba,,0.4623,0.0165
28101,Newton,,0.4791,0.056
28103,Noxubee,,0.4618,0.0329
28105,Oktibbeha,,0.5472,0.021
28107,Panola,,0.4655,0.0398
28109,Pearl River,,0.4267,0.0147
28111,Perry,,0.45,0.0303
28113,Pike,,0.4855,0.023
28115,Pontotoc,,0.43,0.0299
28117,Prentiss,,0.4504,0.0317
28119,Quitman,,0.4775,0.0367
28121,Rankin,,0.4184,0.0109
28123,Scott,,0.4735,0.0385
28125,Sharkey,,0.4307,0.0268
28127,Simpson,,0.4678,0.0277
28129,Smith,,0.5149,0.0472
28131,Stone,,0.4048,0.0314
28133,Sunflower,,0.4971,0.0239
28135,Tallahatchie,,0.4529,0.022
28137,Tate,,0.4634,0.0302
28139,Tippah,,0.4773,0.0479
28141,Tishomingo,,0.426,0.0218
28143,Tunica,,0.4813,0.0626
28145,Union,,0.4525,0.0263
28147,Walthall,,0.5061,0.0299
28149,Warren,,0.4731,0.0183
28151,Washington,,0.5146,0.0149
28153,Wayne,,0.4945,0.0265
28155,Webster,,0.4783,0.0257
28157,Wilkinson,,0.4734,0.0389
28159,Winston,,0.4796,0.0272
28161,Yalobusha,,0.4494,0.0242
28163,Yazoo,,0.4981,0.019
29001,Adair,,0.4941,0.0229
29003,Andrew,,0.4215,0.0236
29005,Atchison,,0.4314,0.0215
29007,Audrain,,0.4134,0.0262
29009,Barry,,0.4029,0.0151
29011,Barton,,0.4521,0.0264
29013,Bates,,0.4263,0.0209
29015,Benton,,0.4298,0.0205
29017,Bollinger,,0.4493,0.0224
29019,Boone,,0.4826,0.0101
29021,Buchanan,,0.4274,0.0122
29023,Butler,,0.4494,0.023
29025,Caldwell,,0.4221,0.0232
29027,Callaway,,0.4156,0.0191
29029,Camden,,0.4436,0.0182
29031,Cape Girardeau,,0.4592,0.0167
29033,Carroll,,0.447,0.0225
29035,Carter,,0.4997,0.0344
29037,Cass,,0.4043,0.009
29039,Cedar,,0.4523,0.0352
29041,Chariton,,0.4341,0.0314
29043,Christian,,0.4019,0.0127
29045,Clark,,0.4074,0.0351
29047,Clay,,0.4022,0.0076
29049,Clinton,,0.3829,0.0165
29051,Cole,,0.4175,0.0163
29053,Cooper,,0.4383,0.0323
29055,Crawford,,0.4435,0.027
29057,Dade,,0.4309,0.0225
29059,Dallas,,0.3961,0.0282
29061,Daviess,,0.398,0.0167
29063,DeKalb,,0.4299,0.0219
29065,Dent,,0.4707,0.0354
29067,Douglas,,0.4408,0.0354
29069,Dunklin,,0.4735,0.0159
29071,Franklin,,0.4301,0.0161
29073,Gasconade,,0.433,0.0346
29075,Gentry,,0.4154,0.0224
29077,Greene,,0.4584,0.0094
29079,Grundy,,0.436,0.0185
29081,Harrison,,0.4101,0.0239
29083,Henry,,0.4508,0.0291
29085,Hickory,,0.416,0.0277
29087,Holt,,0.4286,0.0377
29089,Howard,,0.4371,0.0216
29091,Howell,,0.4671,0.0153
29093,Iron,,0.4462,0.0473
29095,Jackson,,0.4678,0.0045
29097,Jasper,,0.4501,0.0144
29099,Jefferson,,0.3879,0.0086
29101,Johnson,,0.4139,0.0155
29103,Knox,,0.4715,0.0441
29105,Laclede,,0.4239,0.0163
29107,Lafayette,,0.3929,0.0174
29109,Lawrence,,0.4149,0.016
29111,Lewis,,0.3955,0.0206
29113,Lincoln,,0.385,0.014
29115,Linn,,0.4211,0.0173
29117,Livingston,,0.4563,0.0365
29119,McDonald,,0.4312,0.0205
29121,Macon,,0.4164,0.0171
29123,Madison,,0.4035,0.0239
29125,Maries,,0.4132,0.0238
29127,Marion,,0.4387,0.0216
29129,Mercer,,0.4051,0.0204
29131,Miller,,0.4553,0.022
29133,Mississippi,,0.4862,0.0428
29135,Moniteau,,0.4057,0.031
29137,Monroe,,0.3655,0.0178
29139,Montgomery,,0.4286,0.0159
29141,Morgan,,0.4453,0.0187
29143,New Madrid,,0.4717,0.0288
29145,Newton,,0.4587,0.0181
29147,Nodaway,,0.4522,0.0166
29149,Oregon,,0.4464,0.0238
36081,Queens County,,0.4488,0.0023
36083,Rensselaer County,,0.4295,0.0108
36085,Richmond County,,0.4461,0.0055
36087,Rockland County,,0.4543,0.0062
36089,St. Lawrence County,,0.4556,0.015
36091,Saratoga County,,0.4076,0.0069
36093,Schenectady County,,0.4345,0.0105
36095,Schoharie County,,0.4134,0.0127
36097,Schuyler County,,0.4136,0.0206
36099,Seneca County,,0.4277,0.0161
36101,Steuben County,,0.4445,0.0132
36103,Suffolk County,,0.4307,0.0034
36105,Sullivan County,,0.4569,0.0141
36107,Tioga County,,0.4341,0.0164
36109,Tompkins County,,0.5021,0.0144
36111,Ulster County,,0.4564,0.0096
36113,Warren County,,0.4439,0.0156
36115,Washington County,,0.405,0.0122
36117,Wayne County,,0.4073,0.0114
36119,Westchester County,,0.5375,0.004
36121,Wyoming County,,0.3946,0.0185
36123,Yates County,,0.437,0.0178
37001,Alamance County,,0.4608,0.0109
37003,Alexander County,,0.4284,0.0198
37005,Alleghany County,,0.4221,0.0196
37007,Anson County,,0.447,0.0225
37009,Ashe County,,0.4478,0.0334
37011,Avery County,,0.4916,0.0303
37013,Beaufort County,,0.4515,0.0199
37015,Bertie County,,0.4567,0.0159
37017,Bladen County,,0.4833,0.0213
37019,Brunswick County,,0.4534,0.0197
37021,Buncombe County,,0.4641,0.0096
37023,Burke County,,0.4408,0.0114
37025,Cabarrus County,,0.426,0.01
37027,Caldwell County,,0.455,0.0168
37029,Camden County,,0.3913,0.0303
37031,Carteret County,,0.4601,0.0125
37033,Caswell County,,0.4327,0.0206
37035,Catawba County,,0.4555,0.0103
37037,Chatham County,,0.4775,0.0151
37039,Cherokee County,,0.4286,0.0161
37041,Chowan County,,0.4605,0.0313
37043,Clay County,,0.4728,0.0584
37045,Cleveland County,,0.4608,0.0177
37047,Columbus County,,0.4841,0.0224
37049,Craven County,,0.4252,0.0143
37051,Cumberland County,,0.4379,0.0072
37053,Currituck County,,0.3804,0.0195
37055,Dare County,,0.4137,0.0188
37057,Davidson County,,0.4365,0.0129
37059,Davie County,,0.4703,0.023
37061,Duplin County,,0.4427,0.0155
37063,Durham County,,0.4774,0.0075
37065,Edgecombe County,,0.4584,0.0223
37067,Forsyth County,,0.4872,0.0076
37069,Franklin County,,0.4228,0.0119
37071,Gaston County,,0.4606,0.007
37073,Gates County,,0.3867,0.0211
37075,Graham County,,0.4654,0.0333
37077,Granville County,,0.4174,0.0123
37079,Greene County,,0.4354,0.0214
37081,Guilford County,,0.4831,0.0064
37083,Halifax County,,0.4946,0.0229
37085,Harnett County,,0.4269,0.0112
37087,Haywood County,,0.4555,0.0183
37089,Henderson County,,0.437,0.0115
37091,Hertford County,,0.4859,0.0211
37093,Hoke County,,0.4233,0.0138
37095,Hyde County,,0.372,0.0551
37097,Iredell County,,0.4706,0.0117
37099,Jackson County,,0.4656,0.0236
37101,Johnston County,,0.4128,0.0125
37103,Jones County,,0.4645,0.032
37105,Lee County,,0.4294,0.0138
37107,Lenoir County,,0.4785,0.0359
37109,Lincoln County,,0.4562,0.0114
37111,McDowell County,,0.4311,0.016
37113,Macon County,,0.4581,0.0179
37115,Madison County,,0.4437,0.0192
37117,Martin County,,0.4314,0.0233
37119,Mecklenburg County,,0.4939,0.0044
37121,Mitchell County,,0.4688,0.0392
37123,Montgomery County,,0.4835,0.0261
37125,Moore County,,0.4734,0.0235
37127,Nash County,,0.4603,0.0145
37129,New Hanover County,,0.4835,0.0107
37131,Northampton County,,0.469,0.0254
37133,Onslow County,,0.4062,0.0122
37135,Orange County,,0.5254,0.0133
37137,Pamlico County,,0.4309,0.0192
37139,Pasquotank County,,0.4522,0.0232
37141,Pender County,,0.4666,0.0197
37143,Perquimans County,,0.4482,0.0312
37145,Person County,,0.4325,0.0165
37147,Pitt County,,0.4953,0.0131
37149,Polk County,,0.4571,0.0278
37151,Randolph County,,0.4182,0.0123
37153,Richmond County,,0.4598,0.0188
37155,Robeson County,,0.4845,0.0125
37157,Rockingham County,,0.4336,0.0094
37159,Rowan County,,0.4403,0.0114
37161,Rutherford County,,0.4414,0.0163
37163,Sampson County,,0.4683,0.0197
37165,Scotland County,,0.47,0.0153
37167,Stanly County,,0.4212,0.0122
37169,Stokes County,,0.4269,0.0158
37171,Surry County,,0.4552,0.0125
37173,Swain County,,0.4685,0.0283
37175,Transylvania County,,0.4122,0.0261
37177,Tyrrell County,,0.4458,0.042
37179,Union County,,0.4468,0.0093
37181,Vance County,,0.4674,0.0275
37183,Wake County,,0.4444,0.0045
37185,Warren County,,0.4746,0.0268
37187,Washington County,,0.4725,0.0417
37189,Watauga County,,0.5285,0.0195
37191,Wayne County,,0.4455,0.0116
37193,Wilkes County,,0.4679,0.0157
37195,Wilson County,,0.4563,0.014
37197,Yadkin County,,0.4536,0.0287
37199,Yancey County,,0.4373,0.0263
38001,Adams County,,0.4329,0.0347
38003,Barnes County,,0.471,0.0384
38005,Benson County,,0.5186,0.0316
38007,Billings County,,0.4733,0.053
38009,Bottineau County,,0.4724,0.039
38011,Bowman County,,0.4359,0.0358
38013,Burke County,,0.4679,0.0366
38015,Burleigh County,,0.4313,0.0121
38017,Cass County,,0.4628,0.0088
38019,Cavalier County,,0.4552,0.0365
38021,Dickey County,,0.4207,0.0251
38023,Divide County,,0.5434,0.0525
38025,Dunn County,,0.5186,0.0368
38027,Eddy County,,0.5129,0.0643
38029,Emmons County,,0.4988,0.0461
38031,Foster County,,0.4068,0.0254
38033,Golden Valley County,,0.4455,0.0317
38035,Grand Forks County,,0.4937,0.0168
38037,Grant County,,0.5161,0.0281
38039,Griggs County,,0.4338,0.0325
38041,Hettinger County,,0.4189,0.0342
38043,Kidder County,,0.446,0.0417
38045,LaMoure County,,0.4858,0.0353
38047,Logan County,,0.4832,0.0691
38049,McHenry County,,0.4809,0.0525
38051,McIntosh County,,0.4754,0.028
38053,McKenzie County,,0.4888,0.0367
38055,McLean County,,0.44,0.0223
38057,Mercer County,,0.373,0.0191
38059,Morton County,,0.4177,0.0224
38061,Mountrail County,,0.5109,0.0304
38063,Nelson County,,0.437,0.0298
38065,Oliver County,,0.4272,0.0569
38067,Pembina County,,0.4286,0.0262
38069,Pierce County,,0.4162,0.0272
38071,Ramsey County,,0.4532,0.029
38073,Ransom County,,0.4398,0.0346
38075,Renville County,,0.3924,0.0277
38077,Richland County,,0.4109,0.0179
38079,Rolette County,,0.5145,0.0207
38081,Sargent County,,0.4097,0.0242
38083,Sheridan County,,0.4829,0.0374
38085,Sioux County,,0.5314,0.0434
38087,Slope County,,0.4662,0.042
38089,Stark County,,0.4173,0.0202
38091,Steele County,,0.4439,0.0552
38093,Stutsman County,,0.4376,0.0257
38095,Towner County,,0.4369,0.0287
38097,Traill County,,0.4607,0.0382
38099,Walsh County,,0.4611,0.0288
38101,Ward County,,0.4177,0.0178
38103,Wells County,,0.4485,0.0302
38105,Williams County,,0.4529,0.0282
39001,Adams,,0.4515,0.0183
39003,Allen,,0.4497,0.0125
39005,Ashland,,0.4123,0.0304
39007,Ashtabula,,0.4245,0.0077
39009,Athens,,0.509,0.0185
30045,Judith Basin,,0.4397,0.0356
30047,Lake,,0.4722,0.0182
30049,Lewis and Clark,,0.3986,0.0094
30051,Liberty,,0.474,0.0621
30053,Lincoln,,0.4681,0.0278
30055,McCone,,0.4562,0.032
30057,Madison,,0.4537,0.0334
30059,Meagher,,0.368,0.032
30061,Mineral,,0.4411,0.0531
30063,Missoula,,0.4586,0.0119
30065,Musselshell,,0.4432,0.026
30067,Park,,0.4439,0.0262
30069,Petroleum,,0.3873,0.0547
30071,Phillips,,0.4441,0.0284
30073,Pondera,,0.461,0.0542
30075,Powder River,,0.4309,0.03
30077,Powell,,0.4304,0.0285
30079,Prairie,,0.4042,0.0503
30081,Ravalli,,0.4292,0.0134
30083,Richland,,0.4603,0.0389
30085,Roosevelt,,0.4883,0.0176
30087,Rosebud,,0.4245,0.0185
30089,Sanders,,0.4255,0.0248
30091,Sheridan,,0.4624,0.0272
30093,Silver Bow,,0.4765,0.0164
30095,Stillwater,,0.4043,0.0207
30097,Sweet Grass,,0.4514,0.0271
30099,Teton,,0.414,0.0292
30101,Toole,,0.4218,0.0369
30103,Treasure,,0.3545,0.0476
30105,Valley,,0.4293,0.0201
30107,Wheatland,,0.4226,0.0368
30109,Wibaux,,0.4268,0.0368
30111,Yellowstone,,0.4613,0.0111
31001,Adams,,0.4599,0.031
31003,Antelope,,0.4602,0.0309
31005,Arthur,,0.4832,0.1198
31007,Banner,,0.5159,0.0779
31009,Blaine,,0.3914,0.0461
31011,Boone,,0.4529,0.0276
31013,Box Butte,,0.4078,0.0237
31015,Boyd,,0.4539,0.0541
31017,Brown,,0.4663,0.0502
31019,Buffalo,,0.4344,0.019
31021,Burt,,0.4093,0.0189
31023,Butler,,0.4515,0.0495
31025,Cass,,0.4018,0.0163
31027,Cedar,,0.4382,0.0252
31029,Chase,,0.4537,0.0758
31031,Cherry,,0.3956,0.0312
31033,Cheyenne,,0.4017,0.0197
31035,Clay,,0.4089,0.0265
31037,Colfax,,0.4181,0.0253
31039,Cuming,,0.4132,0.0254
31041,Custer,,0.4871,0.0595
31043,Dakota,,0.4173,0.0219
31045,Dawes,,0.4501,0.0385
31047,Dawson,,0.402,0.0204
31049,Deuel,,0.4091,0.03
31051,Dixon,,0.4014,0.0158
31053,Dodge,,0.4168,0.0156
31055,Douglas,,0.4681,0.0052
31057,Dundy,,0.4633,0.0438
31059,Fillmore,,0.4127,0.0254
31061,Franklin,,0.4412,0.024
31063,Frontier,,0.4247,0.0378
31065,Furnas,,0.4169,0.0219
31067,Gage,,0.4203,0.018
31069,Garden,,0.4681,0.0635
31071,Garfield,,0.3942,0.0335
31073,Gosper,,0.3593,0.0388
31075,Grant,,0.3671,0.0683
31077,Greeley,,0.4317,0.0287
31079,Hall,,0.4251,0.0175
31081,Hamilton,,0.4153,0.0247
31083,Harlan,,0.4225,0.0507
31085,Hayes,,0.4265,0.0614
31087,Hitchcock,,0.4089,0.0226
31089,Holt,,0.4306,0.0245
31091,Hooker,,0.4104,0.0739
31093,Howard,,0.4334,0.0455
31095,Jefferson,,0.4405,0.0283
31097,Johnson,,0.447,0.0366
31099,Kearney,,0.4046,0.03
31101,Keith,,0.43,0.0362
31103,Keya Paha,,0.422,0.0382
31105,Kimball,,0.4499,0.0685
31107,Knox,,0.453,0.0254
31109,Lancaster,,0.4467,0.0067
31111,Lincoln,,0.4329,0.0192
31113,Logan,,0.4193,0.0465
31115,Loup,,0.3903,0.0493
31117,McPherson,,0.4243,0.0842
31119,Madison,,0.4363,0.0198
31121,Merrick,,0.4202,0.0451
31123,Morrill,,0.4252,0.0346
31125,Nance,,0.4549,0.0287
31127,Nemaha,,0.4295,0.023
31129,Nuckolls,,0.4097,0.0299
31131,Otoe,,0.3977,0.02
31133,Pawnee,,0.4987,0.0346
31135,Perkins,,0.396,0.0373
31137,Phelps,,0.4267,0.0302
31139,Pierce,,0.3816,0.0178
31141,Platte,,0.3925,0.0159
31143,Polk,,0.4156,0.03
31145,Red Willow,,0.4085,0.0269
31147,Richardson,,0.4293,0.0367
31149,Rock,,0.4463,0.0472
31151,Saline,,0.3999,0.0281
31153,Sarpy,,0.3785,0.0072
31155,Saunders,,0.4122,0.0244
31157,Scotts Bluff,,0.4467,0.0228
31159,Seward,,0.415,0.0213
31161,Sheridan,,0.4316,0.0273
31163,Sherman,,0.4195,0.0452
31165,Sioux,,0.4387,0.0344
31167,Stanton,,0.4365,0.0886
31169,Thayer,,0.4765,0.0623
31171,Thomas,,0.4373,0.0512
31173,Thurston,,0.4835,0.0346
31175,Valley,,0.4353,0.0253
31177,Washington,,0.3994,0.0204
31179,Wayne,,0.4344,0.0283
31181,Webster,,0.4268,0.0244
31183,Wheeler,,0.4602,0.0506
31185,York,,0.4305,0.0315
32001,Churchill,,0.4159,0.0199
32003,Clark,,0.4516,0.0036
32005,Douglas,,0.4415,0.0204
32007,Elko,,0.3875,0.0193
32009,Esmeralda,,0.4014,0.043
32011,Eureka,,0.3844,0.0545
32013,Humboldt,,0.3844,0.0239
32015,Lander,,0.3506,0.041
32017,Lincoln,,0.4993,0.1403
32019,Lyon,,0.3937,0.0169
32021,Mineral,,0.4221,0.034
32023,Nye,,0.4195,0.0144
32027,Pershing,,0.387,0.0283
32029,Storey,,0.3664,0.0375
32031,Washoe,,0.4663,0.0064
32033,White Pine,,0.4167,0.0376
32510,Carson,,0.4487,0.0173
33001,Belknap County,,0.4312,0.0129
33003,Carroll County,,0.4558,0.0205
33005,Cheshire County,,0.4445,0.0159
33007,Coos County,,0.4343,0.0131
33009,Grafton County,,0.4689,0.0137
33011,Hillsborough County,,0.4292,0.0061
33013,Merrimack County,,0.4163,0.008
33015,Rockingham County,,0.419,0.0081
33017,Strafford County,,0.4348,0.013
33019,Sullivan County,,0.4124,0.0119
34001,Atlantic County,,0.4572,0.007
34003,Bergen County,,0.4832,0.0042
34005,Burlington County,,0.4259,0.0062
34007,Camden County,,0.4601,0.0055
34009,Cape May County,,0.4526,0.0089
34011,Cumberland County,,0.4404,0.0113
34013,Essex County,,0.5447,0.0042
34015,Gloucester County,,0.4107,0.0078
34017,Hudson County,,0.4953,0.0044
34019,Hunterdon County,,0.4421,0.0096
34021,Mercer County,,0.4901,0.0069
34023,Middlesex County,,0.4292,0.0041
34025,Monmouth County,,0.4695,0.0044
34027,Morris County,,0.4536,0.0062
34029,Ocean County,,0.4382,0.0052
34031,Passaic County,,0.4741,0.005
34033,Salem County,,0.4296,0.0221
34035,Somerset County,,0.4548,0.0072
34037,Sussex County,,0.4063,0.0079
34039,Union County,,0.4905,0.0064
34041,Warren County,,0.4122,0.0092
35001,Bernalillo County,,0.4743,0.0048
35003,Catron County,,0.4133,0.0533
35005,Chaves County,,0.457,0.0172
35006,Cibola County,,0.443,0.0199
35007,Colfax County,,0.4602,0.0236
35009,Curry County,,0.4662,0.0359
35011,De Baca County,,0.4409,0.0417
35013,Do?a Ana County,,0.482,0.0118
35015,Eddy County,,0.4529,0.0403
35017,Grant County,,0.4755,0.0303
35019,Guadalupe County,,0.4445,0.0312
35021,Harding County,,0.5255,0.0913
35023,Hidalgo County,,0.4359,0.0407
35025,Lea County,,0.4327,0.0147
35027,Lincoln County,,0.4931,0.0295
35028,Los Alamos County,,0.392,0.0222
35029,Luna County,,0.4597,0.0209
35031,McKinley County,,0.5085,0.0132
35033,Mora County,,0.4826,0.0538
35035,Otero County,,0.4379,0.0178
35037,Quay County,,0.427,0.0227
35039,Rio Arriba County,,0.4957,0.018
35041,Roosevelt County,,0.4622,0.0341
35043,Sandoval County,,0.4275,0.0123
35045,San Juan County,,0.4635,0.0137
35047,San Miguel County,,0.5069,0.0308
35049,Santa Fe County,,0.4817,0.009
35051,Sierra County,,0.4289,0.0232
35053,Socorro County,,0.535,0.0681
35055,Taos County,,0.4799,0.0233
35057,Torrance County,,0.4948,0.0255
35059,Union County,,0.4856,0.0778
35061,Valencia County,,0.4349,0.0167
36001,Albany County,,0.4532,0.0074
36003,Allegany County,,0.41,0.013
36005,Bronx County,,0.5015,0.0036
36007,Broome County,,0.4523,0.0062
36009,Cattaraugus County,,0.4215,0.0075
36011,Cayuga County,,0.4152,0.0069
36013,Chautauqua County,,0.4375,0.0095
36015,Chemung County,,0.4567,0.0122
36017,Chenango County,,0.4117,0.0091
36019,Clinton County,,0.437,0.013
36021,Columbia County,,0.4573,0.0171
36023,Cortland County,,0.4289,0.0132
36025,Delaware County,,0.4369,0.0139
36027,Dutchess County,,0.434,0.0072
36029,Erie County,,0.4604,0.0043
36031,Essex County,,0.4168,0.0177
36033,Franklin County,,0.4402,0.0129
36035,Fulton County,,0.4236,0.0114
36037,Genesee County,,0.4003,0.0118
36039,Greene County,,0.444,0.021
36041,Hamilton County,,0.4332,0.0284
36043,Herkimer County,,0.4157,0.0105
36045,Jefferson County,,0.4127,0.0112
36047,Kings County,,0.517,0.0029
36049,Lewis County,,0.4117,0.0135
36051,Livingston County,,0.4059,0.0099
36053,Madison County,,0.4263,0.0113
36055,Monroe County,,0.4633,0.0045
36057,Montgomery County,,0.4504,0.0151
36059,Nassau County,,0.453,0.0031
36061,New York County,,0.5988,0.0038
36063,Niagara County,,0.4382,0.0082
36065,Oneida County,,0.4573,0.0102
36067,Onondaga County,,0.4566,0.0041
36069,Ontario County,,0.4365,0.0148
36071,Orange County,,0.4403,0.0078
36073,Orleans County,,0.4166,0.0144
36075,Oswego County,,0.4216,0.0086
36077,Otsego County,,0.4365,0.0119
36079,Putnam County,,0.4145,0.0115
47105,Loudon,,0.4517,0.0286
47107,McMinn,,0.4554,0.0263
47109,McNairy,,0.4639,0.0385
47111,Macon,,0.4228,0.0221
47113,Madison,,0.4716,0.0127
47115,Marion,,0.4358,0.0193
47117,Marshall,,0.4359,0.0209
47119,Maury,,0.4344,0.0254
47121,Meigs,,0.4276,0.0192
47123,Monroe,,0.446,0.0207
47125,Montgomery,,0.4164,0.012
47127,Moore,,0.4788,0.0793
47129,Morgan,,0.4461,0.0297
47131,Obion,,0.4611,0.0196
47133,Overton,,0.4531,0.0277
47135,Perry,,0.4973,0.0915
47137,Pickett,,0.4054,0.0378
47139,Polk,,0.4548,0.0281
47141,Putnam,,0.5234,0.0386
47143,Rhea,,0.4654,0.019
47145,Roane,,0.4581,0.0158
47147,Robertson,,0.4001,0.014
47149,Rutherford,,0.4088,0.0082
47151,Scott,,0.5362,0.0791
47153,Sequatchie,,0.4329,0.0306
47155,Sevier,,0.4357,0.0193
47157,Shelby,,0.5047,0.0054
47159,Smith,,0.4644,0.0337
47161,Stewart,,0.4322,0.0291
47163,Sullivan,,0.4675,0.009
47165,Sumner,,0.4392,0.0147
47167,Tipton,,0.4209,0.0168
47169,Trousdale,,0.4558,0.0368
47171,Unicoi,,0.4695,0.0471
47173,Union,,0.424,0.0224
47175,Van Buren,,0.4236,0.0432
47177,Warren,,0.4733,0.0242
47179,Washington,,0.4943,0.0169
47181,Wayne,,0.4497,0.0227
47183,Weakley,,0.4484,0.0131
47185,White,,0.4302,0.0266
47187,Williamson,,0.4459,0.0084
47189,Wilson,,0.4208,0.0123
48001,Anderson,,0.4532,0.0205
48003,Andrews,,0.4425,0.0349
48005,Angelina,,0.4631,0.0254
48007,Aransas,,0.5134,0.0367
48009,Archer,,0.4419,0.0386
48011,Armstrong,,0.3784,0.025
48013,Atascosa,,0.4335,0.0242
48015,Austin,,0.4464,0.0215
48017,Bailey,,0.4043,0.0394
48019,Bandera,,0.4055,0.0215
48021,Bastrop,,0.4327,0.0278
48023,Baylor,,0.581,0.1003
48025,Bee,,0.475,0.0271
48027,Bell,,0.4347,0.0086
48029,Bexar,,0.463,0.0035
48031,Blanco,,0.434,0.0296
48033,Borden,,0.5737,0.1369
48035,Bosque,,0.4603,0.0339
48037,Bowie,,0.4869,0.0182
48039,Brazoria,,0.4304,0.01
39011,Auglaize,,0.3907,0.0108
39013,Belmont,,0.4379,0.0135
39015,Brown,,0.4189,0.0179
39017,Butler,,0.4365,0.0055
39019,Carroll,,0.4119,0.0177
39021,Champaign,,0.3838,0.0128
39023,Clark,,0.4423,0.0093
39025,Clermont,,0.431,0.0082
39027,Clinton,,0.4309,0.0202
39029,Columbiana,,0.4385,0.0135
39031,Coshocton,,0.405,0.0135
39033,Crawford,,0.4363,0.0257
39035,Cuyahoga,,0.5047,0.0034
39037,Darke,,0.4149,0.0157
39039,Defiance,,0.3954,0.0159
39041,Delaware,,0.4299,0.0091
39043,Erie,,0.4377,0.0156
39045,Fairfield,,0.4201,0.0084
39047,Fayette,,0.4306,0.0198
39049,Franklin,,0.4714,0.0035
39051,Fulton,,0.418,0.0208
39053,Gallia,,0.4723,0.0278
39055,Geauga,,0.4586,0.0143
39057,Greene,,0.4459,0.0088
39059,Guernsey,,0.4359,0.0192
39061,Hamilton,,0.5084,0.0053
39063,Hancock,,0.4289,0.0116
39065,Hardin,,0.4175,0.023
39067,Harrison,,0.4242,0.0275
39069,Henry,,0.3858,0.0136
39071,Highland,,0.4282,0.0189
39073,Hocking,,0.4212,0.0121
39075,Holmes,,0.3984,0.0166
39077,Huron,,0.4059,0.0139
39079,Jackson,,0.4497,0.0263
39081,Jefferson,,0.449,0.0133
39083,Knox,,0.4271,0.0163
39085,Lake,,0.4167,0.0068
39087,Lawrence,,0.441,0.0184
39089,Licking,,0.4277,0.0108
39091,Logan,,0.4302,0.0223
39093,Lorain,,0.4373,0.0077
39095,Lucas,,0.4838,0.0071
39097,Madison,,0.4096,0.0131
39099,Mahoning,,0.4603,0.0089
39101,Marion,,0.427,0.0144
39103,Medina,,0.4079,0.0075
39105,Meigs,,0.433,0.0179
39107,Mercer,,0.3972,0.0136
39109,Miami,,0.4159,0.0116
39111,Monroe,,0.423,0.026
39113,Montgomery,,0.468,0.0064
39115,Morgan,,0.4338,0.0232
39117,Morrow,,0.3884,0.0137
39119,Muskingum,,0.43,0.0096
39121,Noble,,0.42,0.0288
39123,Ottawa,,0.4101,0.0118
39125,Paulding,,0.4296,0.0261
39127,Perry,,0.4214,0.0206
39129,Pickaway,,0.4091,0.0169
39131,Pike,,0.4514,0.0244
39133,Portage,,0.433,0.0098
39135,Preble,,0.4084,0.0223
39137,Putnam,,0.3665,0.0101
39139,Richland,,0.4374,0.0107
39141,Ross,,0.4364,0.0147
39143,Sandusky,,0.4129,0.012
39145,Scioto,,0.4713,0.0106
39147,Seneca,,0.4309,0.0173
39149,Shelby,,0.4198,0.0286
39151,Stark,,0.4465,0.0066
39153,Summit,,0.4711,0.0052
39155,Trumbull,,0.4316,0.0094
39157,Tuscarawas,,0.4253,0.0138
39159,Union,,0.4054,0.0131
39161,Van Wert,,0.4186,0.0252
39163,Vinton,,0.3924,0.018
39165,Warren,,0.4151,0.0095
39167,Washington,,0.4446,0.0136
39169,Wayne,,0.4121,0.0101
39171,Williams,,0.4073,0.0189
39173,Wood,,0.4476,0.0103
39175,Wyandot,,0.4095,0.0217
40001,Adair,,0.4527,0.021
40003,Alfalfa,,0.5004,0.0585
40005,Atoka,,0.4735,0.0227
40007,Beaver,,0.4407,0.0342
40009,Beckham,,0.4901,0.0513
40011,Blaine,,0.4442,0.0244
40013,Bryan,,0.4508,0.0138
40015,Caddo,,0.455,0.0201
40017,Canadian,,0.3892,0.0102
40019,Carter,,0.4521,0.0177
40021,Cherokee,,0.4617,0.0175
40023,Choctaw,,0.48,0.0228
40025,Cimarron,,0.4452,0.0341
40027,Cleveland,,0.4329,0.0095
40029,Coal,,0.5045,0.0366
40031,Comanche,,0.4468,0.0129
40033,Cotton,,0.4068,0.0279
40035,Craig,,0.4245,0.02
40037,Creek,,0.446,0.0108
40039,Custer,,0.4551,0.0271
40041,Delaware,,0.4593,0.0175
40043,Dewey,,0.4664,0.0371
40045,Ellis,,0.4738,0.0318
40047,Garfield,,0.432,0.0173
40049,Garvin,,0.4758,0.0188
40051,Grady,,0.4295,0.0119
40053,Grant,,0.4116,0.045
40055,Greer,,0.4398,0.0383
40057,Harmon,,0.4786,0.057
40059,Harper,,0.4244,0.0362
40061,Haskell,,0.4266,0.0151
40063,Hughes,,0.466,0.0216
40065,Jackson,,0.4495,0.0234
40067,Jefferson,,0.4543,0.0196
40069,Johnston,,0.4517,0.0226
40071,Kay,,0.444,0.0097
40073,Kingfisher,,0.4056,0.0194
40075,Kiowa,,0.4795,0.0621
40077,Latimer,,0.4695,0.0265
40079,Le Flore,,0.4608,0.0132
40081,Lincoln,,0.4441,0.0181
40083,Logan,,0.4677,0.0244
40085,Love,,0.3914,0.0187
40087,McClain,,0.4115,0.0169
40089,McCurtain,,0.4649,0.0149
40091,McIntosh,,0.4456,0.017
40093,Major,,0.4552,0.0302
40095,Marshall,,0.4382,0.0252
40097,Mayes,,0.4214,0.0179
40099,Murray,,0.4179,0.0287
40101,Muskogee,,0.4593,0.0143
40103,Noble,,0.4575,0.0407
40105,Nowata,,0.4343,0.0151
40107,Okfuskee,,0.4462,0.0205
40109,Oklahoma,,0.4892,0.0059
40111,Okmulgee,,0.4411,0.0147
40113,Osage,,0.4424,0.0134
40115,Ottawa,,0.4317,0.0093
40117,Pawnee,,0.423,0.0131
40119,Payne,,0.5094,0.0163
40121,Pittsburg,,0.4577,0.0182
40123,Pontotoc,,0.4241,0.0102
40125,Pottawatomie,,0.4491,0.0129
40127,Pushmataha,,0.5049,0.0285
40129,Roger Mills,,0.459,0.0252
40131,Rogers,,0.4238,0.0121
40133,Seminole,,0.4683,0.0185
40135,Sequoyah,,0.4422,0.0114
40137,Stephens,,0.4621,0.0152
40139,Texas,,0.4068,0.0245
40141,Tillman,,0.4439,0.0303
40143,Tulsa,,0.4829,0.0052
40145,Wagoner,,0.4059,0.0089
40147,Washington,,0.463,0.018
40149,Washita,,0.4469,0.0276
40151,Woods,,0.4585,0.0355
40153,Woodward,,0.4455,0.0316
41001,Baker,,0.4581,0.0224
41003,Benton,,0.4823,0.013
41005,Clackamas,,0.446,0.0072
41007,Clatsop,,0.4273,0.0164
41009,Columbia,,0.4196,0.0167
41011,Coos,,0.4656,0.0218
41013,Crook,,0.4243,0.0235
41015,Curry,,0.4264,0.0186
41017,Deschutes,,0.4677,0.015
41019,Douglas,,0.4314,0.0142
41021,Gilliam,,0.4418,0.0484
41023,Grant,,0.4461,0.026
41025,Harney,,0.4207,0.0272
41027,Hood River,,0.4442,0.0439
41029,Jackson,,0.4556,0.011
41031,Jefferson,,0.414,0.0488
41033,Josephine,,0.4715,0.0216
41035,Klamath,,0.4387,0.0124
41037,Lake,,0.4293,0.0196
41039,Lane,,0.4661,0.0092
41041,Lincoln,,0.4396,0.0146
41043,Linn,,0.415,0.0088
41045,Malheur,,0.4551,0.0195
41047,Marion,,0.4263,0.0072
41049,Morrow,,0.3779,0.0207
41051,Multnomah,,0.4829,0.0052
41053,Polk,,0.4157,0.0108
41055,Sherman,,0.4883,0.0505
41057,Tillamook,,0.4266,0.0268
41059,Umatilla,,0.4216,0.021
41061,Union,,0.4711,0.024
41063,Wallowa,,0.4292,0.0211
41065,Wasco,,0.4288,0.0203
41067,Washington,,0.4316,0.0063
41069,Wheeler,,0.4481,0.0386
41071,Yamhill,,0.4359,0.0201
42001,Adams,,0.4015,0.0086
42003,Allegheny,,0.4855,0.0042
42005,Armstrong,,0.4169,0.0078
42007,Beaver,,0.429,0.0095
42009,Bedford,,0.414,0.0097
42011,Berks,,0.4344,0.0054
42013,Blair,,0.4383,0.0096
42015,Bradford,,0.4369,0.0155
42017,Bucks,,0.4402,0.0045
42019,Butler,,0.4404,0.007
42021,Cambria,,0.4462,0.0108
42023,Cameron,,0.4406,0.0348
42025,Carbon,,0.4126,0.025
42027,Centre,,0.4678,0.0099
42029,Chester,,0.452,0.0052
42031,Clarion,,0.4355,0.0132
42033,Clearfield,,0.4203,0.0114
42035,Clinton,,0.4191,0.0199
42037,Columbia,,0.4576,0.0136
42039,Crawford,,0.4248,0.0124
42041,Cumberland,,0.4263,0.0072
42043,Dauphin,,0.4463,0.0087
42045,Delaware,,0.4758,0.0056
42047,Elk,,0.3988,0.0165
42049,Erie,,0.4543,0.0061
42051,Fayette,,0.4526,0.0089
42053,Forest,,0.3941,0.0269
42055,Franklin,,0.3965,0.0092
42057,Fulton,,0.3927,0.0139
42059,Greene,,0.4311,0.0145
42061,Huntingdon,,0.4013,0.0094
42063,Indiana,,0.4541,0.0128
42065,Jefferson,,0.4112,0.0105
42067,Juniata,,0.394,0.0158
42069,Lackawanna,,0.4539,0.006
42071,Lancaster,,0.418,0.0048
42073,Lawrence,,0.4487,0.0101
42075,Lebanon,,0.4042,0.0083
42077,Lehigh,,0.4498,0.0073
42079,Luzerne,,0.4492,0.0069
42081,Lycoming,,0.424,0.0076
42083,McKean,,0.4491,0.018
42085,Mercer,,0.4367,0.0156
42087,Mifflin,,0.4012,0.0115
42089,Monroe,,0.4038,0.0103
42091,Montgomery,,0.4653,0.004
42093,Montour,,0.4662,0.0224
42095,Northampton,,0.432,0.0079
42097,Northumberland,,0.4298,0.0113
42099,Perry,,0.38,0.012
42101,Philadelphia,,0.5102,0.0044
42103,Pike,,0.4041,0.013
42105,Potter,,0.4412,0.0158
42107,Schuylkill,,0.4201,0.0066
42109,Snyder,,0.426,0.0322
42111,Somerset,,0.4265,0.0104
42113,Sullivan,,0.4122,0.0186
42115,Susquehanna,,0.4218,0.0113
42117,Tioga,,0.4285,0.0144
42119,Union,,0.4533,0.0215
42121,Venango,,0.42,0.0134
42123,Warren,,0.4288,0.0172
42125,Washington,,0.4475,0.0074
42127,Wayne,,0.4142,0.0141
42129,Westmoreland,,0.4448,0.0063
42131,Wyoming,,0.4202,0.0122
42133,York,,0.416,0.0056
44001,Bristol County,,0.4755,0.0157
44003,Kent County,,0.4401,0.0105
44005,Newport County,,0.4687,0.0156
44007,Providence County,,0.4817,0.0055
44009,Washington County,,0.4343,0.0105
45001,Abbeville County,,0.4267,0.0168
45003,Aiken County,,0.4579,0.0105
45005,Allendale County,,0.4659,0.0361
45007,Anderson County,,0.4432,0.0082
45009,Bamberg County,,0.5012,0.0466
45011,Barnwell County,,0.4843,0.0282
45013,Beaufort County,,0.4693,0.0117
45015,Berkeley County,,0.423,0.0111
45017,Calhoun County,,0.4912,0.044
45019,Charleston County,,0.4972,0.0076
45021,Cherokee County,,0.4794,0.0283
45023,Chester County,,0.4894,0.0197
45025,Chesterfield County,,0.4658,0.0214
45027,Clarendon County,,0.4888,0.0219
45029,Colleton County,,0.4588,0.0175
45031,Darlington County,,0.4802,0.0151
45033,Dillon County,,0.4718,0.0191
45035,Dorchester County,,0.4249,0.0146
45037,Edgefield County,,0.4481,0.0226
45039,Fairfield County,,0.4926,0.0331
45041,Florence County,,0.475,0.0127
45043,Georgetown County,,0.4877,0.0141
45045,Greenville County,,0.473,0.0063
45047,Greenwood County,,0.4763,0.0145
45049,Hampton County,,0.481,0.0391
45051,Horry County,,0.4435,0.0087
45053,Jasper County,,0.4205,0.0207
45055,Kershaw County,,0.4351,0.0151
45057,Lancaster County,,0.4511,0.019
45059,Laurens County,,0.446,0.0235
45061,Lee County,,0.4672,0.0293
45063,Lexington County,,0.431,0.0065
45065,McCormick County,,0.4782,0.0381
45067,Marion County,,0.4924,0.0415
45069,Marlboro County,,0.4668,0.0231
45071,Newberry County,,0.436,0.015
45073,Oconee County,,0.4804,0.0232
45075,Orangeburg County,,0.473,0.0144
45077,Pickens County,,0.4537,0.0107
45079,Richland County,,0.4635,0.0061
45081,Saluda County,,0.461,0.0266
45083,Spartanburg County,,0.4464,0.0078
45085,Sumter County,,0.4367,0.014
45087,Union County,,0.4499,0.0226
45089,Williamsburg County,,0.5027,0.0269
45091,York County,,0.456,0.0094
46003,Aurora County,,0.4127,0.041
46005,Beadle County,,0.4233,0.0245
46007,Bennett County,,0.4472,0.0697
46009,Bon Homme County,,0.45,0.0378
46011,Brookings County,,0.4508,0.0317
46013,Brown County,,0.4253,0.0194
46015,Brule County,,0.4064,0.0341
46017,Buffalo County,,0.4284,0.0299
46019,Butte County,,0.4473,0.0398
46021,Campbell County,,0.5416,0.1041
46023,Charles Mix County,,0.463,0.0217
46025,Clark County,,0.417,0.0266
46027,Clay County,,0.488,0.0278
46029,Codington County,,0.431,0.0321
46031,Corson County,,0.503,0.0413
46033,Custer County,,0.4321,0.0365
46035,Davison County,,0.4088,0.0215
46037,Day County,,0.5156,0.039
46039,Deuel County,,0.4331,0.0465
46041,Dewey County,,0.4682,0.0326
46043,Douglas County,,0.438,0.0297
46045,Edmunds County,,0.4276,0.0342
46047,Fall River County,,0.416,0.0299
46049,Faulk County,,0.4755,0.0517
46051,Grant County,,0.4163,0.0356
46053,Gregory County,,0.4631,0.0247
46055,Haakon County,,0.4314,0.0351
46057,Hamlin County,,0.3842,0.0228
46059,Hand County,,0.442,0.0343
46061,Hanson County,,0.3962,0.0389
46063,Harding County,,0.3968,0.0449
46065,Hughes County,,0.4121,0.0227
46067,Hutchinson County,,0.475,0.0405
46069,Hyde County,,0.4048,0.0374
46071,Jackson County,,0.4385,0.034
46073,Jerauld County,,0.5068,0.0676
46075,Jones County,,0.4435,0.0439
46077,Kingsbury County,,0.4308,0.0271
46079,Lake County,,0.4688,0.037
46081,Lawrence County,,0.4423,0.0268
46083,Lincoln County,,0.4176,0.0238
46085,Lyman County,,0.4114,0.0248
46087,McCook County,,0.4199,0.0392
46089,McPherson County,,0.4423,0.0333
46091,Marshall County,,0.4188,0.0342
46093,Meade County,,0.4305,0.0413
46095,Mellette County,,0.4619,0.0368
46097,Miner County,,0.5053,0.0786
46099,Minnehaha County,,0.4215,0.0092
46101,Moody County,,0.436,0.0311
46102,Oglala Lakota County,,0.491,0.0339
46103,Pennington County,,0.434,0.0112
46105,Perkins County,,0.4995,0.0348
46107,Potter County,,0.4588,0.0352
46109,Roberts County,,0.4426,0.0281
46111,Sanborn County,,0.4276,0.0373
46115,Spink County,,0.4584,0.0172
46117,Stanley County,,0.4391,0.057
46119,Sully County,,0.4593,0.0505
46121,Todd County,,0.4765,0.0272
46123,Tripp County,,0.455,0.0341
46125,Turner County,,0.4018,0.0174
46127,Union County,,0.4594,0.0305
46129,Walworth County,,0.4262,0.0352
46135,Yankton County,,0.4717,0.0225
46137,Ziebach County,,0.4604,0.0236
47001,Anderson,,0.475,0.0233
47003,Bedford,,0.4331,0.0268
47005,Benton,,0.4533,0.018
47007,Bledsoe,,0.4497,0.0234
47009,Blount,,0.4557,0.016
47011,Bradley,,0.4819,0.0227
47013,Campbell,,0.4685,0.0179
47015,Cannon,,0.4598,0.0657
47017,Carroll,,0.4485,0.0215
47019,Carter,,0.4512,0.0207
47021,Cheatham,,0.3952,0.0172
47023,Chester,,0.4539,0.0331
47025,Claiborne,,0.451,0.0192
47027,Clay,,0.4581,0.0234
47029,Cocke,,0.4804,0.0319
47031,Coffee,,0.4454,0.0174
47033,Crockett,,0.444,0.0192
47035,Cumberland,,0.4283,0.0137
47037,Davidson,,0.4881,0.0055
47039,Decatur,,0.5094,0.0403
47041,DeKalb,,0.5323,0.0464
47043,Dickson,,0.4449,0.018
47045,Dyer,,0.4565,0.0294
47047,Fayette,,0.4752,0.0169
47049,Fentress,,0.46,0.0259
47051,Franklin,,0.4528,0.0217
47053,Gibson,,0.4403,0.0209
47055,Giles,,0.4251,0.0223
47057,Grainger,,0.4395,0.0201
47059,Greene,,0.4528,0.0161
47061,Grundy,,0.4796,0.0341
47063,Hamblen,,0.4587,0.0154
47065,Hamilton,,0.477,0.007
47067,Hancock,,0.4404,0.0322
47069,Hardeman,,0.4518,0.0229
47071,Hardin,,0.5067,0.0361
47073,Hawkins,,0.4388,0.0164
47075,Haywood,,0.4839,0.0386
47077,Henderson,,0.4234,0.0217
47079,Henry,,0.4674,0.0246
47081,Hickman,,0.4413,0.0196
47083,Houston,,0.4058,0.0236
47085,Humphreys,,0.4434,0.0269
47087,Jackson,,0.4779,0.0503
47089,Jefferson,,0.452,0.0179
47091,Johnson,,0.4584,0.025
47093,Knox,,0.4795,0.0063
47095,Lake,,0.4921,0.0475
47097,Lauderdale,,0.4604,0.0204
47099,Lawrence,,0.4311,0.0227
47101,Lewis,,0.3902,0.0259
47103,Lincoln,,0.4273,0.0232
49047,Uintah,,0.409,0.0321
49049,Utah,,0.4171,0.0059
49051,Wasatch,,0.404,0.018
49053,Washington,,0.4266,0.0132
49055,Wayne,,0.4352,0.035
49057,Weber,,0.4047,0.0076
50001,Addison,,0.4175,0.0135
50003,Bennington,,0.4542,0.0178
50005,Caledonia,,0.4164,0.0137
50007,Chittenden,,0.4421,0.0099
50009,Essex,,0.4187,0.0216
50011,Franklin,,0.417,0.026
50013,Grand Isle,,0.4538,0.0274
50015,Lamoille,,0.438,0.0195
50017,Orange,,0.3983,0.0111
50019,Orleans,,0.4307,0.0124
50021,Rutland,,0.4364,0.0125
50023,Washington,,0.4191,0.0143
50025,Windham,,0.428,0.011
50027,Windsor,,0.4715,0.0165
51001,Accomack,,0.4624,0.0188
51003,Albemarle,,0.4817,0.0135
51005,Alleghany,,0.4215,0.0162
51007,Amelia,,0.3973,0.0366
51009,Amherst,,0.4187,0.0215
51011,Appomattox,,0.4256,0.0275
51013,Arlington,,0.4404,0.0071
51015,Augusta,,0.4329,0.021
51017,Bath,,0.5099,0.0963
51019,Bedford,,0.4233,0.015
51021,Bland,,0.3834,0.0242
51023,Botetourt,,0.4318,0.043
51025,Brunswick,,0.4669,0.0315
51027,Buchanan,,0.4665,0.016
51029,Buckingham,,0.4131,0.0333
51031,Campbell,,0.4246,0.0179
51033,Caroline,,0.4009,0.0224
51035,Carroll,,0.4426,0.0312
51036,Charles City,,0.4766,0.0509
51037,Charlotte,,0.4453,0.0306
51041,Chesterfield,,0.4079,0.0067
51043,Clarke,,0.4454,0.0219
51045,Craig,,0.4039,0.0341
51047,Culpeper,,0.4036,0.0272
51049,Cumberland,,0.4341,0.0358
51051,Dickenson,,0.4793,0.0378
51053,Dinwiddie,,0.4136,0.0294
51057,Essex,,0.4505,0.0498
51059,Fairfax,,0.4203,0.0035
51061,Fauquier,,0.4241,0.0185
51063,Floyd,,0.3962,0.0257
51065,Fluvanna,,0.3876,0.025
51067,Franklin,,0.4377,0.0135
51069,Frederick,,0.3981,0.0144
51071,Giles,,0.4295,0.0296
51073,Gloucester,,0.3964,0.0192
51075,Goochland,,0.5098,0.0288
51077,Grayson,,0.4692,0.0407
51079,Greene,,0.3818,0.0347
51081,Greensville,,0.4706,0.0784
51083,Halifax,,0.4442,0.0156
51085,Hanover,,0.3913,0.0098
51087,Henrico,,0.4476,0.007
51089,Henry,,0.4356,0.0236
51091,Highland,,0.4258,0.0394
51093,Isle of Wight,,0.4156,0.0196
51095,James City,,0.4371,0.0216
51097,King and Queen,,0.3736,0.0252
51099,King George,,0.3792,0.0227
51101,King William,,0.3694,0.0293
51103,Lancaster,,0.4507,0.0224
51105,Lee,,0.4601,0.0249
51107,Loudoun,,0.3702,0.0053
51109,Louisa,,0.4263,0.0367
51111,Lunenburg,,0.4177,0.0262
51113,Madison,,0.451,0.0463
51115,Mathews,,0.3973,0.0294
51117,Mecklenburg,,0.4473,0.0142
51119,Middlesex,,0.4516,0.0299
51121,Montgomery,,0.4978,0.014
51125,Nelson,,0.471,0.0535
51127,New Kent,,0.379,0.03
51131,Northampton,,0.4987,0.0239
51133,Northumberland,,0.4325,0.0338
51135,Nottoway,,0.4452,0.0277
51137,Orange,,0.4113,0.0222
51139,Page,,0.4148,0.023
51141,Patrick,,0.4303,0.024
51143,Pittsylvania,,0.4153,0.0118
51145,Powhatan,,0.3862,0.02
51147,Prince Edward,,0.4486,0.0312
51149,Prince George,,0.3646,0.0148
51153,Prince William,,0.3752,0.0048
51155,Pulaski,,0.4324,0.0184
51157,Rappahannock,,0.4694,0.0372
51159,Richmond,,0.4365,0.0501
51161,Roanoke,,0.4121,0.0119
51163,Rockbridge,,0.4342,0.0296
51165,Rockingham,,0.4298,0.0248
51167,Russell,,0.4547,0.0243
51169,Scott,,0.4647,0.025
51171,Shenandoah,,0.41,0.0146
51173,Smyth,,0.4679,0.0331
51175,Southampton,,0.4324,0.0269
51177,Spotsylvania,,0.3913,0.0085
51179,Stafford,,0.3712,0.0083
51181,Surry,,0.385,0.0402
51183,Sussex,,0.4365,0.0271
51185,Tazewell,,0.491,0.0311
51187,Warren,,0.4092,0.0185
51191,Washington,,0.4561,0.0207
51193,Westmoreland,,0.4283,0.0259
51195,Wise,,0.4752,0.0314
51197,Wythe,,0.4523,0.0254
51199,York,,0.3879,0.0102
51510,Alexandria,,0.4378,0.0079
51520,Bristol,,0.4685,0.0372
51530,Buena Vista,,0.4257,0.0375
51540,Charlottesville,,0.512,0.0144
51550,Chesapeake,,0.3983,0.0081
51570,Colonial Heights,,0.4138,0.0261
51580,Covington,,0.4297,0.0396
51590,Danville,,0.4912,0.0174
51595,Emporia,,0.5269,0.0524
51600,Fairfax,,0.3979,0.0148
51610,Falls Church,,0.4558,0.0292
51620,Franklin,,0.4681,0.035
51630,Fredericksburg,,0.4736,0.0277
51640,Galax,,0.5286,0.0738
51650,Hampton,,0.422,0.0086
51660,Harrisonburg,,0.4796,0.025
51670,Hopewell,,0.4255,0.0204
51678,Lexington,,0.5167,0.0504
51680,Lynchburg,,0.4921,0.0167
51683,Manassas,,0.3952,0.0235
51685,Manassas Park,,0.369,0.0221
51690,Martinsville,,0.5272,0.0271
51700,Newport News,,0.4343,0.0107
51710,Norfolk,,0.4779,0.0082
51720,Norton,,0.4907,0.0537
51730,Petersburg,,0.4577,0.0213
51735,Poquoson,,0.3943,0.0292
51740,Portsmouth,,0.4257,0.0102
51750,Radford,,0.5261,0.0272
51760,Richmond,,0.5401,0.0112
51770,Roanoke,,0.4632,0.0127
51775,Salem,,0.4442,0.0232
51790,Staunton,,0.4647,0.0257
51800,Suffolk,,0.4229,0.015
51810,Virginia Beach,,0.4124,0.0057
51820,Waynesboro,,0.3955,0.0165
51830,Williamsburg,,0.5163,0.0346
51840,Winchester,,0.4644,0.0182
53001,Adams,,0.4047,0.0207
53003,Asotin,,0.4326,0.0216
53005,Benton,,0.4313,0.0071
53007,Chelan,,0.4449,0.0134
53009,Clallam,,0.4334,0.0126
53011,Clark,,0.4197,0.0053
53013,Columbia,,0.4608,0.0398
53015,Cowlitz,,0.432,0.0122
53017,Douglas,,0.3803,0.0131
53019,Ferry,,0.442,0.0213
53021,Franklin,,0.4043,0.0146
53023,Garfield,,0.3859,0.0397
53025,Grant,,0.4107,0.0145
53027,Grays Harbor,,0.4337,0.0157
53029,Island,,0.4234,0.0156
53031,Jefferson,,0.4297,0.015
53033,King,,0.4664,0.0029
53035,Kitsap,,0.4265,0.0076
53037,Kittitas,,0.4496,0.016
53039,Klickitat,,0.3869,0.0207
53041,Lewis,,0.4165,0.0128
53043,Lincoln,,0.4131,0.0166
53045,Mason,,0.429,0.0164
53047,Okanogan,,0.4483,0.0201
53049,Pacific,,0.4287,0.0155
53051,Pend Oreille,,0.4407,0.0214
53053,Pierce,,0.422,0.0045
53055,San Juan,,0.4907,0.0194
53057,Skagit,,0.4369,0.0082
53059,Skamania,,0.4761,0.0299
53061,Snohomish,,0.4101,0.0048
48041,Brazos,,0.5195,0.0104
48043,Brewster,,0.501,0.0646
48045,Briscoe,,0.4446,0.0327
48047,Brooks,,0.5338,0.0614
48049,Brown,,0.4629,0.0262
48051,Burleson,,0.4362,0.0237
48053,Burnet,,0.4413,0.0251
48055,Caldwell,,0.4186,0.02
48057,Calhoun,,0.4141,0.0195
48059,Callahan,,0.4825,0.0298
48061,Cameron,,0.4956,0.0069
48063,Camp,,0.4474,0.0399
48065,Carson,,0.3761,0.0284
48067,Cass,,0.4478,0.0176
48069,Castro,,0.49,0.0977
48071,Chambers,,0.439,0.0248
48073,Cherokee,,0.4676,0.0188
48075,Childress,,0.4526,0.0593
48077,Clay,,0.4513,0.0333
48079,Cochran,,0.4965,0.0474
48081,Coke,,0.4688,0.0788
48083,Coleman,,0.4649,0.0382
48085,Collin,,0.4308,0.0045
48087,Collingsworth,,0.4026,0.0368
48089,Colorado,,0.4835,0.0317
48091,Comal,,0.4439,0.0144
48093,Comanche,,0.4429,0.0221
48095,Concho,,0.4662,0.0518
48097,Cooke,,0.4414,0.0162
48099,Coryell,,0.404,0.0166
48101,Cottle,,0.4263,0.0585
48103,Crane,,0.4159,0.0606
48105,Crockett,,0.4133,0.078
48107,Crosby,,0.4484,0.0346
48109,Culberson,,0.4728,0.0605
48111,Dallam,,0.4307,0.0398
48113,Dallas,,0.5017,0.0035
48115,Dawson,,0.4865,0.0381
48117,Deaf Smith,,0.4263,0.0192
48119,Delta,,0.439,0.0276
48121,Denton,,0.4302,0.0051
48123,DeWitt,,0.5395,0.0341
48125,Dickens,,0.482,0.0456
48127,Dimmit,,0.5224,0.0658
48129,Donley,,0.4164,0.0243
48131,Duval,,0.5198,0.0474
48133,Eastland,,0.5552,0.0567
48135,Ector,,0.4411,0.0117
48137,Edwards,,0.4283,0.0619
48139,Ellis,,0.4102,0.0083
48141,El Paso,,0.4618,0.005
48143,Erath,,0.5055,0.0246
48145,Falls,,0.4468,0.0161
48147,Fannin,,0.4263,0.0155
48149,Fayette,,0.5003,0.0329
48151,Fisher,,0.4816,0.0736
48153,Floyd,,0.4633,0.0319
48155,Foard,,0.3692,0.0321
48157,Fort Bend,,0.4248,0.0067
48159,Franklin,,0.5224,0.058
48161,Freestone,,0.4604,0.0225
48163,Frio,,0.5122,0.0506
48165,Gaines,,0.4464,0.0645
48167,Galveston,,0.4619,0.0067
48169,Garza,,0.4918,0.0814
48171,Gillespie,,0.4546,0.0225
48173,Glasscock,,0.47,0.0492
48175,Goliad,,0.4886,0.0482
48177,Gonzales,,0.4734,0.02
48179,Gray,,0.4209,0.0174
48181,Grayson,,0.4476,0.0113
48183,Gregg,,0.4592,0.0117
48185,Grimes,,0.4737,0.0282
48187,Guadalupe,,0.4003,0.0082
48189,Hale,,0.421,0.0184
48191,Hall,,0.4996,0.0604
48193,Hamilton,,0.4845,0.0526
48195,Hansford,,0.4568,0.0391
48197,Hardeman,,0.4549,0.0332
48199,Hardin,,0.4492,0.0196
48201,Harris,,0.4985,0.0024
48203,Harrison,,0.4726,0.0244
48205,Hartley,,0.3956,0.0431
48207,Haskell,,0.4593,0.0248
48209,Hays,,0.4598,0.0087
48211,Hemphill,,0.4484,0.0545
48213,Henderson,,0.4632,0.0183
48215,Hidalgo,,0.4924,0.0062
48217,Hill,,0.4557,0.0163
48219,Hockley,,0.437,0.0205
48221,Hood,,0.4503,0.0168
48223,Hopkins,,0.4535,0.0223
48225,Houston,,0.4765,0.0254
48227,Howard,,0.4629,0.0219
48229,Hudspeth,,0.4948,0.0448
48231,Hunt,,0.4423,0.0105
48233,Hutchinson,,0.4343,0.0179
48235,Irion,,0.4539,0.0503
48237,Jack,,0.4635,0.0405
48239,Jackson,,0.4334,0.029
48241,Jasper,,0.4378,0.0148
48243,Jeff Davis,,0.3856,0.0433
48245,Jefferson,,0.4909,0.0098
48247,Jim Hogg,,0.4641,0.0387
48249,Jim Wells,,0.5005,0.031
48251,Johnson,,0.4114,0.0136
48253,Jones,,0.4494,0.0279
48255,Karnes,,0.5856,0.0391
48257,Kaufman,,0.4141,0.015
48259,Kendall,,0.4532,0.0247
48261,Kenedy,,0.3863,0.0711
48263,Kent,,0.4595,0.082
48265,Kerr,,0.4725,0.0295
48267,Kimble,,0.5099,0.0687
48269,King,,0.4,0.0849
48271,Kinney,,0.3882,0.0337
48273,Kleberg,,0.4712,0.0231
48275,Knox,,0.4167,0.0294
48277,Lamar,,0.4692,0.0148
48279,Lamb,,0.4712,0.0259
48281,Lampasas,,0.4096,0.0153
48283,La Salle,,0.5986,0.0884
48285,Lavaca,,0.448,0.019
48287,Lee,,0.4477,0.0273
48289,Leon,,0.4768,0.041
48291,Liberty,,0.4386,0.0156
48293,Limestone,,0.4572,0.0205
48295,Lipscomb,,0.4437,0.031
48297,Live Oak,,0.4222,0.026
48299,Llano,,0.5416,0.0327
48301,Loving,,0.4299,0.1107
48303,Lubbock,,0.4813,0.0089
48305,Lynn,,0.4744,0.0338
48307,McCulloch,,0.4371,0.026
48309,McLennan,,0.4774,0.0106
48311,McMullen,,0.5262,0.1179
48313,Madison,,0.4309,0.0181
48315,Marion,,0.4917,0.0324
48317,Martin,,0.4934,0.0501
48319,Mason,,0.4751,0.0329
48321,Matagorda,,0.4625,0.0159
48323,Maverick,,0.4744,0.018
48325,Medina,,0.4392,0.0198
48327,Menard,,0.4876,0.084
48329,Midland,,0.4792,0.0146
48331,Milam,,0.4727,0.0268
48333,Mills,,0.4694,0.0453
48335,Mitchell,,0.404,0.0369
48337,Montague,,0.4536,0.0238
48339,Montgomery,,0.4717,0.0078
48341,Moore,,0.3837,0.0244
48343,Morris,,0.4582,0.0335
48345,Motley,,0.4326,0.0263
48347,Nacogdoches,,0.4963,0.0172
48349,Navarro,,0.4527,0.0156
48351,Newton,,0.4276,0.0217
48353,Nolan,,0.463,0.0238
48355,Nueces,,0.4632,0.0087
48357,Ochiltree,,0.4641,0.0324
48359,Oldham,,0.4955,0.0368
48361,Orange,,0.4499,0.0166
48363,Palo Pinto,,0.4843,0.0208
48365,Panola,,0.4471,0.0235
48367,Parker,,0.4382,0.0114
48369,Parmer,,0.4235,0.0373
48371,Pecos,,0.4201,0.0198
48373,Polk,,0.4446,0.0167
48375,Potter,,0.4818,0.0191
48377,Presidio,,0.4481,0.0341
48379,Rains,,0.4106,0.0206
48381,Randall,,0.4275,0.0136
48383,Reagan,,0.4097,0.0322
48385,Real,,0.3873,0.0361
48387,Red River,,0.4708,0.0349
48389,Reeves,,0.4787,0.0381
48391,Refugio,,0.474,0.0428
48393,Roberts,,0.4282,0.0686
48395,Robertson,,0.4435,0.0335
48397,Rockwall,,0.4084,0.0159
48399,Runnels,,0.4608,0.0365
48401,Rusk,,0.4559,0.0192
48403,Sabine,,0.4823,0.0282
48405,San Augustine,,0.5429,0.0836
48407,San Jacinto,,0.4627,0.0241
48409,San Patricio,,0.437,0.0222
48411,San Saba,,0.4084,0.0317
48413,Schleicher,,0.4839,0.0652
48415,Scurry,,0.4171,0.0285
48417,Shackelford,,0.4408,0.0407
48419,Shelby,,0.4716,0.022
48421,Sherman,,0.4044,0.0378
48423,Smith,,0.4701,0.0095
48425,Somervell,,0.4389,0.0372
48427,Starr,,0.5023,0.0318
48429,Stephens,,0.4542,0.0318
48431,Sterling,,0.4013,0.0733
48433,Stonewall,,0.4558,0.0455
48435,Sutton,,0.4218,0.0369
48437,Swisher,,0.4501,0.0542
48439,Tarrant,,0.4636,0.0032
48441,Taylor,,0.4617,0.0122
48443,Terrell,,0.5108,0.0606
48445,Terry,,0.51,0.098
48447,Throckmorton,,0.4822,0.0655
48449,Titus,,0.4389,0.0265
48451,Tom Green,,0.4666,0.0201
48453,Travis,,0.4929,0.0041
48455,Trinity,,0.4604,0.0238
48457,Tyler,,0.419,0.0191
48459,Upshur,,0.4305,0.0168
48461,Upton,,0.4612,0.0277
48463,Uvalde,,0.4433,0.0274
48465,Val Verde,,0.4507,0.0259
48467,Van Zandt,,0.4612,0.0224
48469,Victoria,,0.4506,0.0153
48471,Walker,,0.4853,0.0244
48473,Waller,,0.4596,0.022
48475,Ward,,0.4626,0.0264
48477,Washington,,0.445,0.0341
48479,Webb,,0.4788,0.0097
48481,Wharton,,0.4435,0.0149
48483,Wheeler,,0.4087,0.025
48485,Wichita,,0.4544,0.0117
48487,Wilbarger,,0.4251,0.0266
48489,Willacy,,0.5157,0.023
48491,Williamson,,0.3956,0.0058
48493,Wilson,,0.4164,0.0219
48495,Winkler,,0.4039,0.0292
48497,Wise,,0.436,0.0274
48499,Wood,,0.4498,0.0233
48501,Yoakum,,0.4259,0.036
48503,Young,,0.4567,0.0397
48505,Zapata,,0.5085,0.0327
48507,Zavala,,0.4964,0.034
49001,Beaver,,0.3984,0.0307
49003,Box Elder,,0.3848,0.0139
49005,Cache,,0.4251,0.0099
49007,Carbon,,0.4088,0.0162
49009,Daggett,,0.3674,0.0507
49011,Davis,,0.39,0.0086
49013,Duchesne,,0.3857,0.0162
49015,Emery,,0.3616,0.0211
49017,Garfield,,0.4394,0.0404
49019,Grand,,0.4277,0.0321
49021,Iron,,0.4414,0.0191
49023,Juab,,0.3633,0.0224
49025,Kane,,0.4175,0.0367
49027,Millard,,0.3808,0.0174
49029,Morgan,,0.3867,0.0271
49031,Piute,,0.4089,0.0291
49033,Rich,,0.3996,0.0337
49035,Salt Lake,,0.4365,0.004
49037,San Juan,,0.449,0.0207
49039,Sanpete,,0.3926,0.0172
49041,Sevier,,0.4117,0.0163
49043,Summit,,0.4791,0.0234
49045,Tooele,,0.36,0.0175
53063,Spokane,,0.4486,0.0059
53065,Stevens,,0.4206,0.012
53067,Thurston,,0.4041,0.0068
53069,Wahkiakum,,0.4388,0.0493
53071,Walla Walla,,0.4458,0.0152
53073,Whatcom,,0.4499,0.0137
53075,Whitman,,0.5105,0.0127
53077,Yakima,,0.4351,0.0097
54001,Barbour County,,0.4358,0.021
54003,Berkeley County,,0.4161,0.022
54005,Boone County,,0.448,0.0219
54007,Braxton County,,0.4487,0.0239
54009,Brooke County,,0.4145,0.0185
54011,Cabell County,,0.5033,0.013
54013,Calhoun County,,0.431,0.0312
54015,Clay County,,0.4438,0.026
54017,Doddridge County,,0.4032,0.0218
54019,Fayette County,,0.4261,0.0141
54021,Gilmer County,,0.4518,0.0315
54023,Grant County,,0.4018,0.0292
54025,Greenbrier County,,0.4512,0.0238
54027,Hampshire County,,0.456,0.0156
54029,Hancock County,,0.4414,0.0184
54031,Hardy County,,0.4385,0.0393
54033,Harrison County,,0.456,0.0119
54035,Jackson County,,0.4552,0.0297
54037,Jefferson County,,0.4219,0.0156
54039,Kanawha County,,0.4702,0.0104
54041,Lewis County,,0.4462,0.0218
54043,Lincoln County,,0.4465,0.0254
54045,Logan County,,0.4536,0.0187
54047,McDowell County,,0.4757,0.0197
54049,Marion County,,0.4355,0.0111
54051,Marshall County,,0.4196,0.0141
54053,Mason County,,0.4303,0.019
54055,Mercer County,,0.457,0.0157
54057,Mineral County,,0.4482,0.0165
54059,Mingo County,,0.484,0.0205
54061,Monongalia County,,0.5184,0.0116
54063,Monroe County,,0.419,0.0278
54065,Morgan County,,0.4502,0.0284
54067,Nicholas County,,0.4908,0.0395
54069,Ohio County,,0.5089,0.0241
54071,Pendleton County,,0.47,0.0343
54073,Pleasants County,,0.4437,0.0317
54075,Pocahontas County,,0.4246,0.0333
54077,Preston County,,0.4102,0.0135
54079,Putnam County,,0.4369,0.0175
54081,Raleigh County,,0.4551,0.0152
54083,Randolph County,,0.4529,0.0213
54085,Ritchie County,,0.4126,0.0252
54087,Roane County,,0.4596,0.0196
54089,Summers County,,0.4236,0.0202
54091,Taylor County,,0.4345,0.0255
54093,Tucker County,,0.4278,0.0299
54095,Tyler County,,0.4587,0.0351
54097,Upshur County,,0.431,0.0179
54099,Wayne County,,0.4559,0.0156
54101,Webster County,,0.4751,0.0426
54103,Wetzel County,,0.4579,0.0297
54105,Wirt County,,0.435,0.0548
54107,Wood County,,0.4583,0.0144
54109,Wyoming County,,0.455,0.019
55001,Adams,,0.4112,0.018
55003,Ashland,,0.431,0.0153
55005,Barron,,0.4048,0.0114
55007,Bayfield,,0.4072,0.0113
55009,Brown,,0.4348,0.01
55011,Buffalo,,0.4163,0.0149
55013,Burnett,,0.4296,0.0139
55015,Calumet,,0.3748,0.0151
55017,Chippewa,,0.4035,0.0137
55019,Clark,,0.4249,0.0095
55021,Columbia,,0.3955,0.0102
55023,Crawford,,0.4212,0.0164
55025,Dane,,0.4479,0.0049
55027,Dodge,,0.3899,0.0083
55029,Door,,0.441,0.0203
55031,Douglas,,0.4148,0.0096
55033,Dunn,,0.4241,0.0177
55035,Eau Claire,,0.4467,0.0128
55037,Florence,,0.4165,0.031
55039,Fond du Lac,,0.4056,0.0113
55041,Forest,,0.4178,0.013
55043,Grant,,0.401,0.0081
55045,Green,,0.4101,0.014
55047,Green Lake,,0.4156,0.0174
55049,Iowa,,0.4102,0.0151
55051,Iron,,0.422,0.0227
55053,Jackson,,0.3984,0.0138
55055,Jefferson,,0.3886,0.0126
55057,Juneau,,0.4191,0.0132
55059,Kenosha,,0.4312,0.0098
55061,Kewaunee,,0.3888,0.0121
55063,La Crosse,,0.4482,0.0135
55065,Lafayette,,0.406,0.0113
55067,Langlade,,0.4314,0.0162
55069,Lincoln,,0.4005,0.0122
55071,Manitowoc,,0.4078,0.0107
55073,Marathon,,0.4404,0.0142
55075,Marinette,,0.4188,0.0146
55077,Marquette,,0.4048,0.0133
55078,Menominee,,0.4652,0.0341
55079,Milwaukee,,0.4743,0.0041
55081,Monroe,,0.3887,0.0098
55083,Oconto,,0.3991,0.0134
55085,Oneida,,0.4244,0.0144
55087,Outagamie,,0.4057,0.0092
55089,Ozaukee,,0.4835,0.0139
55091,Pepin,,0.4093,0.0128
55093,Pierce,,0.4251,0.0153
55095,Polk,,0.4121,0.0122
55097,Portage,,0.4266,0.0108
55099,Price,,0.4034,0.0125
55101,Racine,,0.426,0.0081
55103,Richland,,0.428,0.0229
55105,Rock,,0.4157,0.0109
55107,Rusk,,0.4203,0.0162
55109,St. Croix,,0.3986,0.0132
55111,Sauk,,0.415,0.0155
55113,Sawyer,,0.4563,0.0233
55115,Shawano,,0.4137,0.0132
55117,Sheboygan,,0.407,0.0086
55119,Taylor,,0.4297,0.018
55121,Trempealeau,,0.3977,0.0093
55123,Vernon,,0.4323,0.029
55125,Vilas,,0.4434,0.0169
55127,Walworth,,0.4373,0.0113
55129,Washburn,,0.4431,0.0174
55131,Washington,,0.3987,0.0142
55133,Waukesha,,0.4281,0.0054
55135,Waupaca,,0.4142,0.0209
55137,Waushara,,0.4251,0.0182
55139,Winnebago,,0.436,0.0114
55141,Wood,,0.4178,0.0112
56001,Albany,,0.4964,0.018
56003,Big Horn,,0.3903,0.0152
56005,Campbell,,0.371,0.0203
56007,Carbon,,0.3926,0.019
56009,Converse,,0.3781,0.0258
56011,Crook,,0.4113,0.0476
56013,Fremont,,0.4138,0.0142
56015,Goshen,,0.4358,0.0282
56017,Hot Springs,,0.4199,0.0312
56019,Johnson,,0.4259,0.0582
56021,Laramie,,0.405,0.0105
56023,Lincoln,,0.3888,0.0266
56025,Natrona,,0.4372,0.0143
56027,Niobrara,,0.4751,0.0497
56029,Park,,0.3905,0.0345
56031,Platte,,0.429,0.022
56033,Sheridan,,0.418,0.021
56035,Sublette,,0.329,0.0282
56037,Sweetwater,,0.3832,0.0141
56039,Teton,,0.4728,0.0419
56041,Uinta,,0.4289,0.0318
56043,Washakie,,0.4536,0.0459
56045,Weston,,0.4216,0.0282